"gene","celltype","group","n_cells","f","m","f0","m0","recruitment","level","total","inj","time"
"Acp7","ALL","ScNT_12",3168,0.00142000631113916,1.3115315085412,0.00222419928825623,3.84232198833629,-0.647388717606358,-1.55072595490832,-2.19811467251467,"ScNT",12
"Acp7","ALL","Crush_2160",4412,0.00215273056877408,2.84256214176194,0.00222419928825623,3.84232198833629,-0.0471182931988371,-0.434786534094398,-0.481904827293235,"Crush",2160
"Acp7","ALL","ScNT_672",2440,0.00225317492830807,5.02319192360159,0.00222419928825623,3.84232198833629,0.0186732641897068,0.386625975260192,0.405299239449899,"ScNT",672
"Acp7","ALL","Crush_6",4046,0.00407709414381023,5.07908114009928,0.00222419928825623,3.84232198833629,0.874255211022594,0.402589099124859,1.27684431014745,"Crush",6
"Acp7","ALL","Crush_24",5009,0.00269461077844311,2.53043000386905,0.00222419928825623,3.84232198833629,0.276790839414461,-0.602595855148264,-0.325805015733802,"Crush",24
"Acp7","ALL","ScNT_6",1209,0.00289256198347107,1.23230286453594,0.00222419928825623,3.84232198833629,0.379061815229211,-1.64062155008988,-1.26155973486067,"ScNT",6
"Acp7","ALL","Crush_72",14329,0.00122121423586881,4.45906727526078,0.00222419928825623,3.84232198833629,-0.864969746870978,0.21476354360856,-0.650206203262418,"Crush",72
"Acp7","ALL","Naive_0",16859,0.00222419928825623,3.84232198833629,0.00222419928825623,3.84232198833629,0,0,0,"Naive",0
"Acp7","ALL","Crush_336",12074,0.000952380952380952,4.83823081990839,0.00222419928825623,3.84232198833629,-1.22367538721992,0.332501175764505,-0.891174211455416,"Crush",336
"Acp7","ALL","SpNT_6",2703,0.00314349112426036,4.54523959716166,0.00222419928825623,3.84232198833629,0.499081630301719,0.242377923888043,0.741459554189762,"SpNT",6
"Acp7","ALL","ScNT_24",873,0.0017162471395881,0.716006862184859,0.00222419928825623,3.84232198833629,-0.374028743445879,-2.42393310316477,-2.79796184661065,"ScNT",24
"Acp7","ALL","SpNT_12",2633,0.000949126803340926,1.24299015704567,0.00222419928825623,3.84232198833629,-1.22861331003559,-1.62816355050822,-2.8567768605438,"SpNT",12
"Acp7","ALL","ScNT_168",5912,0.00126839167935058,2.49725295949761,0.00222419928825623,3.84232198833629,-0.81028574082256,-0.621636455960291,-1.43192219678285,"ScNT",168
"Acp7","ALL","SpNT_48",2685,0.00428145941921072,2.13223246962845,0.00222419928825623,3.84232198833629,0.944816591963134,-0.849613684054616,0.0952029079085179,"SpNT",48
"Acp7","ALL","SpNT_24",3470,0.00216076058772688,1.7389856154923,0.00222419928825623,3.84232198833629,-0.0417468288865638,-1.14373242353546,-1.18547925242203,"SpNT",24
"Acp7","ALL","Paclitaxel_168",2966,0.0048870913380519,2.63301317468934,0.00222419928825623,3.84232198833629,1.13569000898087,-0.545263682422098,0.590426326558771,"Paclitaxel",168
"Acp7","ALL","SpNT_72",2913,0.00223061084420041,3.34622013788383,0.00222419928825623,3.84232198833629,0.00415278141014329,-0.19944606345233,-0.195293282042186,"SpNT",72
"Acp7","ALL","ScNT_72",2397,0.00229357798165138,2.67296466940311,0.00222419928825623,3.84232198833629,0.0443139005566373,-0.523537654057431,-0.479223753500794,"ScNT",72
"Acp7","ALL","SpNT_36",2775,0.00270172910662824,2.02068321163134,0.00222419928825623,3.84232198833629,0.280596968363821,-0.927135258613903,-0.646538290250082,"SpNT",36
"Acp7","ALL","SpNT_168",1707,0.00146370023419204,8.2628850046358,0.00222419928825623,3.84232198833629,-0.603665939399564,1.10466716720548,0.501001227805914,"SpNT",168
"Acp7","ALL","Crush_672",13242,0.000641848523748395,0.942129230901516,0.00222419928825623,3.84232198833629,-1.79298129272811,-2.02798155104705,-3.82096284377515,"Crush",672
"Acp7","ALL","Crush_1440",9787,0.00137923988557417,4.226735028708,0.00222419928825623,3.84232198833629,-0.689412658582358,0.137565251009834,-0.551847407572524,"Crush",1440
"Acp7","ALL","Crush_168",19121,0.0013858383014329,3.04796252373476,0.00222419928825623,3.84232198833629,-0.682527124602247,-0.334133258308765,-1.01666038291101,"Crush",168
"Acp7","ALL","ScNT_1440",2678,0.00130645763344532,5.90618393261875,0.00222419928825623,3.84232198833629,-0.767625718451211,0.620247863555009,-0.147377854896203,"ScNT",1440
"Acp7","ALL","CFA_48",1685,0.00563463819691578,3.14586728257707,0.00222419928825623,3.84232198833629,1.34103691783507,-0.288520614757881,1.05251630307719,"CFA",48
"Adcyap1","ALL","Crush_1440",9787,0.111003269309358,10.1467808389786,0.12126334519573,10.2263415958817,-0.127541358595028,-0.01126803152513,-0.138809390120158,"Crush",1440
"Adcyap1","ALL","SpNT_168",1707,0.232142857142857,12.0590376237621,0.12126334519573,10.2263415958817,0.936869364386567,0.237824653941382,1.17469401832795,"SpNT",168
"Adcyap1","ALL","SpNT_12",2633,0.234813971146545,13.9963918708393,0.12126334519573,10.2263415958817,0.953374723022934,0.452764839771447,1.40613956279438,"SpNT",12
"Adcyap1","ALL","ScNT_168",5912,0.141806189751395,9.48052029425767,0.12126334519573,10.2263415958817,0.225776980102783,-0.109251981030252,0.116524999072532,"ScNT",168
"Adcyap1","ALL","SpNT_48",2685,0.381794489947878,17.7135246660116,0.12126334519573,10.2263415958817,1.65465275535549,0.792561187419582,2.44721394277507,"SpNT",48
"Adcyap1","ALL","Paclitaxel_168",2966,0.198685540950455,13.0781689631954,0.12126334519573,10.2263415958817,0.712343359802575,0.354870444347433,1.06721380415001,"Paclitaxel",168
"Adcyap1","ALL","Crush_2160",4412,0.113641513709495,9.77454694543973,0.12126334519573,10.2263415958817,-0.0936535730607267,-0.0651883835146102,-0.158841956575337,"Crush",2160
"Adcyap1","ALL","ScNT_72",2397,0.21580483736447,11.802758368554,0.12126334519573,10.2263415958817,0.831583677275543,0.206833941590898,1.03841761886644,"ScNT",72
"Adcyap1","ALL","SpNT_6",2703,0.140347633136095,13.9179775837878,0.12126334519573,10.2263415958817,0.210861207436361,0.444659465883972,0.655520673320333,"SpNT",6
"Adcyap1","ALL","Naive_0",16859,0.12126334519573,10.2263415958817,0.12126334519573,10.2263415958817,0,0,0,"Naive",0
"Adcyap1","ALL","Crush_168",19121,0.211667189624516,10.6406153220096,0.12126334519573,10.2263415958817,0.803654128993998,0.0572914579008883,0.860945586894886,"Crush",168
"Adcyap1","ALL","CFA_48",1685,0.157473309608541,14.2939332392787,0.12126334519573,10.2263415958817,0.37696379816515,0.483112832157341,0.860076630322491,"CFA",48
"Adcyap1","ALL","Crush_24",5009,0.21187624750499,13.5945941084599,0.12126334519573,10.2263415958817,0.805078336125886,0.410742954653581,1.21582129077947,"Crush",24
"Adcyap1","ALL","Crush_336",12074,0.120372670807453,9.53234525757566,0.12126334519573,10.2263415958817,-0.0106356441711817,-0.101387011644966,-0.112022655816148,"Crush",336
"Adcyap1","ALL","Crush_672",13242,0.136789247149437,9.521999807653,0.12126334519573,10.2263415958817,0.173811299444358,-0.102953618181658,0.0708576812626998,"Crush",672
"Adcyap1","ALL","ScNT_1440",2678,0.12635311683464,9.79841362860069,0.12126334519573,10.2263415958817,0.0593177260356967,-0.0616700233386976,-0.00235229730300098,"ScNT",1440
"Adcyap1","ALL","ScNT_6",1209,0.140082644628099,9.83261080305103,0.12126334519573,10.2263415958817,0.208134699277466,-0.0566436790367909,0.151491020240675,"ScNT",6
"Adcyap1","ALL","ScNT_672",2440,0.213641950020483,10.2432945050496,0.12126334519573,10.2263415958817,0.817051431041691,0.00238967448727704,0.819441105528968,"ScNT",672
"Adcyap1","ALL","SpNT_24",3470,0.389369057908384,19.6261340029836,0.12126334519573,10.2263415958817,1.68299471500913,0.94048589265104,2.62348060766017,"SpNT",24
"Adcyap1","ALL","ScNT_12",3168,0.188229725465447,14.9800626921386,0.12126334519573,10.2263415958817,0.634350951616073,0.550753538497824,1.1851044901139,"ScNT",12
"Adcyap1","ALL","SpNT_72",2913,0.344715168153741,13.8259184842198,0.12126334519573,10.2263415958817,1.50726125497186,0.43508520179863,1.94234645677049,"SpNT",72
"Adcyap1","ALL","Crush_6",4046,0.0871015567086731,10.1135122775699,0.12126334519573,10.2263415958817,-0.477373118080189,-0.0160060115162571,-0.493379129596446,"Crush",6
"Adcyap1","ALL","SpNT_36",2775,0.42056916426513,20.1931824990658,0.12126334519573,10.2263415958817,1.79419955032184,0.981578178103832,2.77577772842567,"SpNT",36
"Adcyap1","ALL","ScNT_24",873,0.286613272311213,12.8371915810275,0.12126334519573,10.2263415958817,1.24096189199769,0.328039492553861,1.56900138455155,"ScNT",24
"Adcyap1","ALL","Crush_72",14329,0.197103977669225,11.4719418475697,0.12126334519573,10.2263415958817,0.700813364488955,0.1658194929586,0.866632857447555,"Crush",72
"Ano7","ALL","ScNT_1440",2678,0.000559910414333707,2.32011692273655,0.000563463819691578,4.2503168461348,-0.00912696273536374,-0.87337288101002,-0.882499843745384,"ScNT",1440
"Ano7","ALL","Crush_168",19121,0.000287626817278527,3.51501052061552,0.000563463819691578,4.2503168461348,-0.970124783475853,-0.274041385719618,-1.24416616919547,"Crush",168
"Ano7","ALL","CFA_48",1685,0.00148279952550415,1.7523304846974,0.000563463819691578,4.2503168461348,1.39592867633114,-1.27829550418136,0.117633172149781,"CFA",48
"Ano7","ALL","Crush_336",12074,0.000455486542443064,6.04860131296122,0.000563463819691578,4.2503168461348,-0.306914547587341,0.509031177044097,0.202116629456755,"Crush",336
"Ano7","ALL","Crush_1440",9787,0.000459746628524724,5.26477660067912,0.000563463819691578,4.2503168461348,-0.293483982251218,0.308801921842223,0.0153179395910049,"Crush",1440
"Ano7","ALL","SpNT_12",2633,0.0013287775246773,5.21727084430971,0.000563463819691578,4.2503168461348,1.23770469418695,0.29572493688515,1.5334296310721,"SpNT",12
"Ano7","ALL","ScNT_72",2397,0.000208507089241034,NA,0.000563463819691578,4.2503168461348,-1.43422654102836,NA,NA,"ScNT",72
"Ano7","ALL","Crush_2160",4412,0.000339904826648538,4.75460267600573,0.000563463819691578,4.2503168461348,-0.729192128868971,0.161754392518341,-0.56743773635063,"Crush",2160
"Ano7","ALL","Naive_0",16859,0.000563463819691578,4.2503168461348,0.000563463819691578,4.2503168461348,0,0,0,"Naive",0
"Ano7","ALL","SpNT_24",3470,0.000432152117545376,7.93521311469875,0.000563463819691578,4.2503168461348,-0.382783746721631,0.900698576713783,0.517914829992152,"SpNT",24
"Ano7","ALL","ScNT_672",2440,0.000204834084391643,NA,0.000563463819691578,4.2503168461348,-1.45986717739529,NA,NA,"ScNT",672
"Ano7","ALL","Crush_24",5009,0.00109780439121756,6.2905492923985,0.000563463819691578,4.2503168461348,0.962226132940586,0.565615606023086,1.52784173896367,"Crush",24
"Ano7","ALL","ScNT_168",5912,0.000591916117030272,8.0541325642751,0.000563463819691578,4.2503168461348,0.0710697626788212,0.922158824943188,0.993228587622009,"ScNT",168
"Ano7","ALL","Crush_672",13242,0.00026429056860228,0.800663898151439,0.000563463819691578,4.2503168461348,-1.09219803486855,-2.40830173127087,-3.50049976613942,"Crush",672
"Ano7","ALL","SpNT_168",1707,0.00146370023419204,6.01016606716663,0.000563463819691578,4.2503168461348,1.37722523765273,0.499834461570483,1.87705969922321,"SpNT",168
"Ano7","ALL","Paclitaxel_168",2966,0.000505561172901921,2.74342137726086,0.000563463819691578,4.2503168461348,-0.156437308373252,-0.631594162372417,-0.788031470745669,"Paclitaxel",168
"Ano7","ALL","ScNT_6",1209,0.00206611570247934,2.40795794384664,0.000563463819691578,4.2503168461348,1.87452616511126,-0.81976019813868,1.05476596697258,"ScNT",6
"Ano7","ALL","Crush_72",14329,0.000314026517794836,7.12406407922356,0.000563463819691578,4.2503168461348,-0.843436585321337,0.745130100101138,-0.0983064852201982,"Crush",72
"Ano7","ALL","SpNT_36",2775,0.00126080691642651,3.82420258290798,0.000563463819691578,4.2503168461348,1.1619524718652,-0.152411442568402,1.0095410292968,"SpNT",36
"Ano7","ALL","SpNT_48",2685,0.000558451228592703,7.67113765846346,0.000563463819691578,4.2503168461348,-0.012891686320427,0.851870157588638,0.838978471268211,"SpNT",48
"Ano7","ALL","ScNT_12",3168,0.00110444935310824,2.89100861333847,0.000563463819691578,4.2503168461348,0.97093238006123,-0.555997485966927,0.414934894094302,"ScNT",12
"Ano7","ALL","ScNT_24",873,0.0005720823798627,NA,0.000563463819691578,4.2503168461348,0.0218999328852607,NA,NA,"ScNT",24
"Ano7","ALL","SpNT_6",2703,0.00129437869822485,1.71288370090967,0.000563463819691578,4.2503168461348,1.19986488816128,-1.31114319252206,-0.111278304360779,"SpNT",6
"Ano7","ALL","Crush_6",4046,0.00160612799604645,5.20363417989566,0.000563463819691578,4.2503168461348,1.51119198685753,0.291949149790193,1.80314113664772,"Crush",6
"Ano7","ALL","SpNT_72",2913,0.000857927247769389,2.72591503055957,0.000563463819691578,4.2503168461348,0.606532335208709,-0.640829800460699,-0.0342974652519897,"SpNT",72
"Atf3","ALL","ScNT_12",3168,0.185074155885137,7.90250517126898,0.0148576512455516,6.48961034194945,3.63882547628051,0.284178217647716,3.92300369392823,"ScNT",12
"Atf3","ALL","Crush_168",19121,0.25983160757243,9.38017179389457,0.0148576512455516,6.48961034194945,4.12829896782575,0.531482488776289,4.65978145660204,"Crush",168
"Atf3","ALL","CFA_48",1685,0.00741399762752076,5.03176031444379,0.0148576512455516,6.48961034194945,-1.00288250853312,-0.367068654809799,-1.36995116334292,"CFA",48
"Atf3","ALL","ScNT_672",2440,0.137853338795576,7.05286615855391,0.0148576512455516,6.48961034194945,3.2138562374634,0.120077805552497,3.3339340430159,"ScNT",672
"Atf3","ALL","Naive_0",16859,0.0148576512455516,6.48961034194945,0.0148576512455516,6.48961034194945,0,0,0,"Naive",0
"Atf3","ALL","Crush_1440",9787,0.0251838986514099,5.74110746184257,0.0148576512455516,6.48961034194945,0.761295572932758,-0.176802796382493,0.584492776550265,"Crush",1440
"Atf3","ALL","ScNT_6",1209,0.0690082644628099,4.8863243295655,0.0148576512455516,6.48961034194945,2.21556308294633,-0.409382230954107,1.80618085199222,"ScNT",6
"Atf3","ALL","ScNT_168",5912,0.211144934889227,10.546368548081,0.0148576512455516,6.48961034194945,3.82895566679781,0.700542556734399,4.52949822353221,"ScNT",168
"Atf3","ALL","Crush_6",4046,0.0329873980726464,4.65768198472604,0.0148576512455516,6.48961034194945,1.15070892065237,-0.478519717378921,0.672189203273446,"Crush",6
"Atf3","ALL","SpNT_12",2633,0.388572513287775,7.97341160607665,0.0148576512455516,6.48961034194945,4.70890587940113,0.297065289745745,5.00597116914688,"SpNT",12
"Atf3","ALL","SpNT_6",2703,0.144415680473373,5.35047471102697,0.0148576512455516,6.48961034194945,3.28094942449403,-0.278464958901989,3.00248446559204,"SpNT",6
"Atf3","ALL","ScNT_72",2397,0.267931609674729,10.2437754923572,0.0148576512455516,6.48961034194945,4.17258682330125,0.658543777906642,4.83113060120789,"ScNT",72
"Atf3","ALL","Crush_2160",4412,0.0243598459098119,6.29172764051737,0.0148576512455516,6.48961034194945,0.71329894024771,-0.0446756365642143,0.668623303683496,"Crush",2160
"Atf3","ALL","SpNT_168",1707,0.281908665105386,7.69980107300813,0.0148576512455516,6.48961034194945,4.24594985085721,0.246689317211436,4.49263916806864,"SpNT",168
"Atf3","ALL","Crush_72",14329,0.275680390788555,10.0989163735924,0.0148576512455516,6.48961034194945,4.21371867950476,0.637996736621516,4.85171541612627,"Crush",72
"Atf3","ALL","ScNT_24",873,0.285469107551487,9.40442436303059,0.0148576512455516,6.48961034194945,4.2640566584709,0.535207783732886,4.79926444220378,"ScNT",24
"Atf3","ALL","Crush_336",12074,0.0808695652173913,8.20904791280182,0.0148576512455516,6.48961034194945,2.44439078791053,0.33908305105636,2.78347383896689,"Crush",336
"Atf3","ALL","Crush_672",13242,0.0833270407007476,7.75970222446028,0.0148576512455516,6.48961034194945,2.48757867760184,0.257869434058176,2.74544811166002,"Crush",672
"Atf3","ALL","SpNT_72",2913,0.442862045298559,8.84640628181656,0.0148576512455516,6.48961034194945,4.89757938666369,0.44695964469964,5.34453903136333,"SpNT",72
"Atf3","ALL","Crush_24",5009,0.251397205588822,9.34200705098873,0.0148576512455516,6.48961034194945,4.08069064128591,0.525600677471224,4.60629131875713,"Crush",24
"Atf3","ALL","SpNT_24",3470,0.481561509651397,9.48188191741501,0.0148576512455516,6.48961034194945,5.01844211242299,0.547041570020083,5.56548368244308,"SpNT",24
"Atf3","ALL","ScNT_1440",2678,0.0640164240388204,8.16592418857544,0.0148576512455516,6.48961034194945,2.10723602296467,0.331484317265711,2.43872034023038,"ScNT",1440
"Atf3","ALL","SpNT_36",2775,0.471721902017291,10.2882641598557,0.0148576512455516,6.48961034194945,4.98865861440657,0.664795828994641,5.65345444340121,"SpNT",36
"Atf3","ALL","Paclitaxel_168",2966,0.0207280080889788,6.3550425910293,0.0148576512455516,6.48961034194945,0.480375416493209,-0.0302300624592183,0.450145354033991,"Paclitaxel",168
"Atf3","ALL","SpNT_48",2685,0.473008190618019,9.98015164883578,0.0148576512455516,6.48961034194945,4.99258719326015,0.620929880984413,5.61351707424456,"SpNT",48
"Ccbe1","ALL","Naive_0",16859,0.0083926453143535,4.21475707279479,0.0083926453143535,4.21475707279479,0,0,0,"Naive",0
"Ccbe1","ALL","ScNT_12",3168,0.0058378037235721,2.80846686580609,0.0083926453143535,4.21475707279479,-0.523699905755721,-0.585666698369795,-1.10936660412552,"ScNT",12
"Ccbe1","ALL","SpNT_168",1707,0.0213700234192037,4.91173271243081,0.0083926453143535,4.21475707279479,1.34839097225709,0.220782573480474,1.56917354573756,"SpNT",168
"Ccbe1","ALL","ScNT_24",873,0.0120137299771167,6.261005154508,0.0083926453143535,4.21475707279479,0.517486626275724,0.570944808428244,1.08843143470397,"ScNT",24
"Ccbe1","ALL","SpNT_6",2703,0.0153476331360947,3.21143269442476,0.0083926453143535,4.21475707279479,0.870818668062303,-0.392232419928004,0.478586248134299,"SpNT",6
"Ccbe1","ALL","CFA_48",1685,0.0145314353499407,4.32149094960453,0.0083926453143535,4.21475707279479,0.791979696170688,0.0360796592992077,0.828059355469896,"CFA",48
"Ccbe1","ALL","ScNT_168",5912,0.00481988838153222,5.89185978575931,0.0083926453143535,4.21475707279479,-0.800125874602338,0.483273617063035,-0.316852257539303,"ScNT",168
"Ccbe1","ALL","Crush_72",14329,0.00457083042568039,6.83613771845572,0.0083926453143535,4.21475707279479,-0.876669314614495,0.697731980818874,-0.178937333795621,"Crush",72
"Ccbe1","ALL","Crush_168",19121,0.00536031795837255,4.28450126463608,0.0083926453143535,4.21475707279479,-0.646807031996001,0.0236777973493843,-0.623129234646617,"Crush",168
"Ccbe1","ALL","ScNT_1440",2678,0.00989175065322882,5.77797015292018,0.0083926453143535,4.21475707279479,0.237100261718382,0.455113270916032,0.692213532634415,"ScNT",1440
"Ccbe1","ALL","ScNT_72",2397,0.00771476230191827,4.40749645596883,0.0083926453143535,4.21475707279479,-0.121503904787711,0.0645099289657976,-0.0569939758219138,"ScNT",72
"Ccbe1","ALL","SpNT_12",2633,0.0111996962794229,6.12967023609483,0.0083926453143535,4.21475707279479,0.416262092102889,0.540359981397018,0.956622073499907,"SpNT",12
"Ccbe1","ALL","Crush_24",5009,0.00648702594810379,4.70468428068201,0.0083926453143535,4.21475707279479,-0.371568402056554,0.158648430110258,-0.212919971946296,"Crush",24
"Ccbe1","ALL","SpNT_36",2775,0.0120677233429395,2.91477305380507,0.0083926453143535,4.21475707279479,0.523956010877074,-0.532065921930968,-0.00810991105389358,"SpNT",36
"Ccbe1","ALL","Crush_1440",9787,0.00791785860237025,4.86524942117163,0.0083926453143535,4.21475707279479,-0.0840153078075897,0.207064287376078,0.123048979568488,"Crush",1440
"Ccbe1","ALL","Paclitaxel_168",2966,0.00893158072126727,2.38695941885391,0.0083926453143535,4.21475707279479,0.0897899160804945,-0.820275441422654,-0.73048552534216,"Paclitaxel",168
"Ccbe1","ALL","Crush_2160",4412,0.00623158848855654,4.79838633371416,0.0083926453143535,4.21475707279479,-0.429525645453764,0.187099837863815,-0.242425807589949,"Crush",2160
"Ccbe1","ALL","SpNT_24",3470,0.00792278882166523,2.90433809136581,0.0083926453143535,4.21475707279479,-0.0831172633064241,-0.537240074589018,-0.620357337895442,"SpNT",24
"Ccbe1","ALL","Crush_672",13242,0.00479498603035566,6.18133336588267,0.0083926453143535,4.21475707279479,-0.80759899954228,0.552468592699032,-0.255130406843249,"Crush",672
"Ccbe1","ALL","SpNT_48",2685,0.015078183172003,4.90105542043382,0.0083926453143535,4.21475707279479,0.845265086454745,0.217642980108053,1.0629080665628,"SpNT",48
"Ccbe1","ALL","ScNT_672",2440,0.00553052027857436,3.35569886719917,0.0083926453143535,4.21475707279479,-0.601710404620123,-0.328836223113645,-0.930546627733768,"ScNT",672
"Ccbe1","ALL","Crush_336",12074,0.00467908902691511,6.39168651390305,0.0083926453143535,4.21475707279479,-0.842897933197748,0.600747171185353,-0.242150762012395,"Crush",336
"Ccbe1","ALL","SpNT_72",2913,0.0204186684969115,4.12712667580764,0.0083926453143535,4.21475707279479,1.28269127424099,-0.0303117601904687,1.25237951405052,"SpNT",72
"Ccbe1","ALL","ScNT_6",1209,0.0111570247933884,4.79761242550086,0.0083926453143535,4.21475707279479,0.410754842999074,0.186867133885445,0.597621976884519,"ScNT",6
"Ccbe1","ALL","Crush_6",4046,0.00654806029157401,6.01026995612494,0.0083926453143535,4.21475707279479,-0.358058006108662,0.511980311682622,0.15392230557396,"Crush",6
"Cdh22","ALL","ScNT_1440",2678,0.00354609929078014,3.53986401712175,0.0013938315539739,5.19708331082485,1.34717671175301,-0.554008245381655,0.793168466371358,"ScNT",1440
"Cdh22","ALL","SpNT_12",2633,0.00246772968868641,2.83064469657694,0.0013938315539739,5.19708331082485,0.824128152036385,-0.876571512963943,-0.0524433609275582,"SpNT",12
"Cdh22","ALL","ScNT_672",2440,0.00634985661614093,2.32420382948533,0.0013938315539739,5.19708331082485,2.18766779475753,-1.16096558936579,1.02670220539174,"ScNT",672
"Cdh22","ALL","Crush_1440",9787,0.00342255823457295,5.41526102473264,0.0013938315539739,5.19708331082485,1.29601886853019,0.0593286938174995,1.35534756234769,"Crush",1440
"Cdh22","ALL","ScNT_168",5912,0.00380517503805175,3.66550586920925,0.0013938315539739,5.19708331082485,1.44890659871684,-0.503689870445009,0.945216728271832,"ScNT",168
"Cdh22","ALL","SpNT_24",3470,0.00532987611639297,2.65358446211706,0.0013938315539739,5.19708331082485,1.93504577995211,-0.969759716370288,0.965286063581823,"SpNT",24
"Cdh22","ALL","SpNT_168",1707,0.014344262295082,4.37943630524596,0.0013938315539739,5.19708331082485,3.36334564864653,-0.246956999300936,3.11638864934559,"SpNT",168
"Cdh22","ALL","ScNT_12",3168,0.00268223414326286,2.02721771048621,0.0013938315539739,5.19708331082485,0.944378961019913,-1.35820115249391,-0.413822191474001,"ScNT",12
"Cdh22","ALL","Paclitaxel_168",2966,0.00421300977418268,2.92993399076684,0.0013938315539739,5.19708331082485,1.59579504244627,-0.826834023863485,0.768961018582781,"Paclitaxel",168
"Cdh22","ALL","Naive_0",16859,0.0013938315539739,5.19708331082485,0.0013938315539739,5.19708331082485,0,0,0,"Naive",0
"Cdh22","ALL","SpNT_36",2775,0.0055835734870317,4.99380540804318,0.0013938315539739,5.19708331082485,2.00213252196042,-0.0575625806882444,1.94456994127218,"SpNT",36
"Cdh22","ALL","Crush_168",19121,0.00504654324861416,3.97973716898982,0.0013938315539739,5.19708331082485,1.85623929692088,-0.38502903101994,1.47121026590094,"Crush",168
"Cdh22","ALL","SpNT_6",2703,0.00240384615384615,3.47503432940438,0.0013938315539739,5.19708331082485,0.786288346010715,-0.58067495593114,0.205613390079575,"SpNT",6
"Cdh22","ALL","Crush_24",5009,0.00289421157684631,4.89719404939306,0.0013938315539739,5.19708331082485,1.05411417119681,-0.0857468226267829,0.968367348570026,"Crush",24
"Cdh22","ALL","Crush_672",13242,0.0042664048931511,3.72163511485844,0.0013938315539739,5.19708331082485,1.61396466725499,-0.481765571738173,1.13219909551681,"Crush",672
"Cdh22","ALL","Crush_6",4046,0.00210032122559921,4.33251583224754,0.0013938315539739,5.19708331082485,0.591553771732723,-0.262497164617221,0.329056607115502,"Crush",6
"Cdh22","ALL","ScNT_72",2397,0.00312760633861551,4.98404861832213,0.0013938315539739,5.19708331082485,1.1660027163461,-0.0603840444207837,1.10561867192532,"ScNT",72
"Cdh22","ALL","Crush_72",14329,0.00526866713189114,4.74760849849361,0.0013938315539739,5.19708331082485,1.91838181432738,-0.130501214945437,1.78788059938194,"Crush",72
"Cdh22","ALL","ScNT_6",1209,0.00206611570247934,15.2877875291478,0.0013938315539739,5.19708331082485,0.567864826877213,1.55660554173644,2.12447036861366,"ScNT",6
"Cdh22","ALL","Crush_2160",4412,0.00509857239972808,5.62016465907504,0.0013938315539739,5.19708331082485,1.8710371285055,0.112910212982886,1.98394734148838,"Crush",2160
"Cdh22","ALL","SpNT_72",2913,0.00978037062457104,4.64790140106679,0.0013938315539739,5.19708331082485,2.81083291625204,-0.161122721785401,2.64971019446664,"SpNT",72
"Cdh22","ALL","Crush_336",12074,0.00443064182194617,5.99228197791883,0.0013938315539739,5.19708331082485,1.66845948194246,0.205403328048161,1.87386280999062,"Crush",336
"Cdh22","ALL","ScNT_24",873,0.0028604118993135,2.42043642643037,0.0013938315539739,5.19708331082485,1.03716668953857,-1.10243498420092,-0.0652682946623475,"ScNT",24
"Cdh22","ALL","CFA_48",1685,0.00563463819691578,3.49434768931479,0.0013938315539739,5.19708331082485,2.01526675665331,-0.572679021767807,1.4425877348855,"CFA",48
"Cdh22","ALL","SpNT_48",2685,0.00763216679076694,3.22820499980404,0.0013938315539739,5.19708331082485,2.45303647934245,-0.686969989444566,1.76606648989788,"SpNT",48
"Cdkn1a","ALL","Crush_72",14329,0.416364270760642,13.965261917975,0.171144721233689,11.0906946404986,1.28262947801954,0.332492903303674,1.61512238132321,"Crush",72
"Cdkn1a","ALL","Naive_0",16859,0.171144721233689,11.0906946404986,0.171144721233689,11.0906946404986,0,0,0,"Naive",0
"Cdkn1a","ALL","ScNT_24",873,0.409038901601831,11.8946911405458,0.171144721233689,11.0906946404986,1.25702126232338,0.100968082738533,1.35798934506191,"ScNT",24
"Cdkn1a","ALL","SpNT_12",2633,0.371867881548975,11.7923645765052,0.171144721233689,11.0906946404986,1.1195733521693,0.0885033047947484,1.20807665696404,"SpNT",12
"Cdkn1a","ALL","ScNT_168",5912,0.336800270590225,13.1461934081215,0.171144721233689,11.0906946404986,0.976676502757768,0.24529538713232,1.22197188989009,"ScNT",168
"Cdkn1a","ALL","Crush_24",5009,0.333832335329341,13.5894539770468,0.171144721233689,11.0906946404986,0.963906907604476,0.293137761661412,1.25704466926589,"Crush",24
"Cdkn1a","ALL","ScNT_672",2440,0.287791888570258,10.5003964753023,0.171144721233689,11.0906946404986,0.749809135485358,-0.0789059258782797,0.670903209607079,"ScNT",672
"Cdkn1a","ALL","SpNT_168",1707,0.456381733021077,14.4772441927122,0.171144721233689,11.0906946404986,1.41502425323552,0.384437276930772,1.79946153016629,"SpNT",168
"Cdkn1a","ALL","Crush_672",13242,0.209884467265725,11.3167798369102,0.171144721233689,11.0906946404986,0.294378607594637,0.0291137728226121,0.323492380417249,"Crush",672
"Cdkn1a","ALL","Crush_6",4046,0.16987892265876,13.1332667431441,0.171144721233689,11.0906946404986,-0.0107099302118159,0.243876085757406,0.23316615554559,"Crush",6
"Cdkn1a","ALL","ScNT_6",1209,0.234297520661157,10.3503131270165,0.171144721233689,11.0906946404986,0.453124892938496,-0.0996753141628968,0.353449578775599,"ScNT",6
"Cdkn1a","ALL","SpNT_6",2703,0.252034023668639,12.7353360037564,0.171144721233689,11.0906946404986,0.558401710681249,0.199487295313789,0.757889005995037,"SpNT",6
"Cdkn1a","ALL","ScNT_12",3168,0.275954559798044,10.4834693871353,0.171144721233689,11.0906946404986,0.689213929697643,-0.0812334885506885,0.607980441146954,"ScNT",12
"Cdkn1a","ALL","ScNT_1440",2678,0.221164613661814,14.945408939777,0.171144721233689,11.0906946404986,0.369903778101466,0.430352644654925,0.800256422756391,"ScNT",1440
"Cdkn1a","ALL","SpNT_72",2913,0.630576527110501,15.0416079093622,0.171144721233689,11.0906946404986,1.8814546727048,0.439609067403485,2.32106374010829,"SpNT",72
"Cdkn1a","ALL","SpNT_24",3470,0.543503313166235,15.6196342488464,0.171144721233689,11.0906946404986,1.66707203513969,0.494010943301759,2.16108297844145,"SpNT",24
"Cdkn1a","ALL","Crush_336",12074,0.183146997929607,10.8618072830219,0.171144721233689,11.0906946404986,0.0977852584463793,-0.0300855568563822,0.0676997015899971,"Crush",336
"Cdkn1a","ALL","Crush_2160",4412,0.154203489689554,12.4620373307324,0.171144721233689,11.0906946404986,-0.150381380313768,0.168190215436312,0.0178088351225438,"Crush",2160
"Cdkn1a","ALL","Crush_168",19121,0.398572325070599,13.1236815702862,0.171144721233689,11.0906946404986,1.21962474517808,0.242822765942984,1.46244751112107,"Crush",168
"Cdkn1a","ALL","SpNT_36",2775,0.631664265129683,16.59164363419,0.171144721233689,11.0906946404986,1.88394116283278,0.581107084219998,2.46504824705277,"SpNT",36
"Cdkn1a","ALL","ScNT_72",2397,0.427648040033361,14.4367083679102,0.171144721233689,11.0906946404986,1.32120713322385,0.380392110735556,1.70159924395941,"ScNT",72
"Cdkn1a","ALL","Crush_1440",9787,0.179658765835717,13.7161180456007,0.171144721233689,11.0906946404986,0.0700425337041409,0.306522497505816,0.376565031209957,"Crush",1440
"Cdkn1a","ALL","SpNT_48",2685,0.645755770662695,17.1713046859169,0.171144721233689,11.0906946404986,1.91577183601716,0.63064993206922,2.54642176808638,"SpNT",48
"Cdkn1a","ALL","Paclitaxel_168",2966,0.223289518031682,8.64363953898783,0.171144721233689,11.0906946404986,0.383698733015881,-0.359638913624886,0.0240598193909947,"Paclitaxel",168
"Cdkn1a","ALL","CFA_48",1685,0.174080664294187,10.2485157507954,0.171144721233689,11.0906946404986,0.0245391723261934,-0.113934742824267,-0.089395570498074,"CFA",48
"Celf3","ALL","Crush_168",19121,0.0779991632674406,4.45159251205423,0.0832443653618031,4.96030350600781,-0.0938939748468766,-0.15610685953979,-0.250000834386667,"Crush",168
"Celf3","ALL","Paclitaxel_168",2966,0.133636670037074,4.70910305723827,0.0832443653618031,4.96030350600781,0.682891411540632,-0.0749761015604316,0.6079153099802,"Paclitaxel",168
"Celf3","ALL","Crush_2160",4412,0.0665080444142307,4.78711939091998,0.0832443653618031,4.96030350600781,-0.323823771549014,-0.0512706101006363,-0.37509438164965,"Crush",2160
"Celf3","ALL","SpNT_168",1707,0.115632318501171,5.01859100082588,0.0832443653618031,4.96030350600781,0.474120150760895,0.0168539783694195,0.490974129130315,"SpNT",168
"Celf3","ALL","ScNT_6",1209,0.093801652892562,4.77255769694861,0.0832443653618031,4.96030350600781,0.172260722445878,-0.0556657585422526,0.116594963903626,"ScNT",6
"Celf3","ALL","Crush_6",4046,0.0670867309117865,4.49530802147878,0.0832443653618031,4.96030350600781,-0.311325178548142,-0.142008423925211,-0.453333602473353,"Crush",6
"Celf3","ALL","Crush_672",13242,0.057049007022578,4.93343181227761,0.0832443653618031,4.96030350600781,-0.545150846830259,-0.00783682873364094,-0.5529876755639,"Crush",672
"Celf3","ALL","SpNT_24",3470,0.125180063382311,3.26256763625694,0.0832443653618031,4.96030350600781,0.588580284302674,-0.604420586981293,-0.0158403026786189,"SpNT",24
"Celf3","ALL","ScNT_72",2397,0.109049207673061,4.68648676048929,0.0832443653618031,4.96030350600781,0.389554760149638,-0.0819215904153016,0.307633169734336,"ScNT",72
"Celf3","ALL","SpNT_48",2685,0.111876396128071,4.2401031102167,0.0832443653618031,4.96030350600781,0.426481158600663,-0.226329049004999,0.200152109595664,"SpNT",48
"Celf3","ALL","Crush_72",14329,0.0546057222609909,5.20559890804779,0.0832443653618031,4.96030350600781,-0.608300480012607,0.069635758746898,-0.538664721265709,"Crush",72
"Celf3","ALL","ScNT_1440",2678,0.0460992907801418,4.55084195089881,0.0832443653618031,4.96030350600781,-0.852608066940781,-0.124294914573059,-0.97690298151384,"ScNT",1440
"Celf3","ALL","SpNT_6",2703,0.0663831360946746,3.20536846836706,0.0832443653618031,4.96030350600781,-0.326535835142213,-0.629938188229742,-0.956474023371955,"SpNT",6
"Celf3","ALL","SpNT_12",2633,0.0958618071374336,3.17109494856398,0.0832443653618031,4.96030350600781,0.203603514699563,-0.645447322371102,-0.441843807671539,"SpNT",12
"Celf3","ALL","Naive_0",16859,0.0832443653618031,4.96030350600781,0.0832443653618031,4.96030350600781,0,0,0,"Naive",0
"Celf3","ALL","Crush_24",5009,0.0689620758483034,4.42415975213256,0.0832443653618031,4.96030350600781,-0.271549420377392,-0.165024916633561,-0.436574337010953,"Crush",24
"Celf3","ALL","SpNT_72",2913,0.153225806451613,3.96698928080479,0.0832443653618031,4.96030350600781,0.88023477037363,-0.322383898285694,0.557850872087936,"SpNT",72
"Celf3","ALL","Crush_1440",9787,0.0558336738863915,4.64309909521607,0.0832443653618031,4.96030350600781,-0.576217133090565,-0.0953403255574598,-0.671557458648025,"Crush",1440
"Celf3","ALL","ScNT_12",3168,0.0913537393499527,3.96469220290752,0.0832443653618031,4.96030350600781,0.134111160923923,-0.323219530172926,-0.189108369249003,"ScNT",12
"Celf3","ALL","ScNT_168",5912,0.0744968713005243,5.74827001552062,0.0832443653618031,4.96030350600781,-0.160172785527308,0.212699434141134,0.0525266486138255,"ScNT",168
"Celf3","ALL","SpNT_36",2775,0.109690201729107,3.95950592284798,0.0832443653618031,4.96030350600781,0.398010132644992,-0.325107979066343,0.0729021535786483,"SpNT",36
"Celf3","ALL","Crush_336",12074,0.0476604554865424,5.19077658985514,0.0832443653618031,4.96030350600781,-0.804559883161347,0.0655219982455913,-0.739037884915756,"Crush",336
"Celf3","ALL","ScNT_672",2440,0.114911921343712,4.3059773466639,0.0832443653618031,4.96030350600781,0.465103948144559,-0.204087667826146,0.261016280318413,"ScNT",672
"Celf3","ALL","ScNT_24",873,0.161899313501144,4.32412763814248,0.0832443653618031,4.96030350600781,0.959672340648204,-0.19801928878312,0.761653051865084,"ScNT",24
"Celf3","ALL","CFA_48",1685,0.0886714116251483,4.31574162279771,0.0832443653618031,4.96030350600781,0.0911164205729431,-0.200819902122198,-0.109703481549255,"CFA",48
"Chl1","ALL","ScNT_12",3168,0.194540864626065,9.24086650448011,0.138226571767497,9.37966850544179,0.493038258311106,-0.0215087984812514,0.471529459829855,"ScNT",12
"Chl1","ALL","Crush_168",19121,0.312127392532162,10.3292948431781,0.138226571767497,9.37966850544179,1.17509999820638,0.139132926859959,1.31423292506634,"Crush",168
"Chl1","ALL","SpNT_12",2633,0.177107061503417,8.08899434963195,0.138226571767497,9.37966850544179,0.357586758885745,-0.21357658295913,0.144010175926614,"SpNT",12
"Chl1","ALL","ScNT_72",2397,0.257089241034195,9.79007273780093,0.138226571767497,9.37966850544179,0.895234259279116,0.0617826425606164,0.957016901839732,"ScNT",72
"Chl1","ALL","ScNT_24",873,0.195080091533181,6.37679719586222,0.138226571767497,9.37966850544179,0.497031577814075,-0.556704936922324,-0.0596733591082499,"ScNT",24
"Chl1","ALL","Crush_24",5009,0.179940119760479,10.8130334899985,0.138226571767497,9.37966850544179,0.380481911640272,0.205162472447769,0.585644384088041,"Crush",24
"Chl1","ALL","SpNT_168",1707,0.332259953161593,9.50862648646833,0.138226571767497,9.37966850544179,1.26527744084829,0.0197000238119217,1.28497746466021,"SpNT",168
"Chl1","ALL","Crush_1440",9787,0.150439313445035,9.63146456501794,0.138226571767497,9.37966850544179,0.122146650928934,0.0382182554612643,0.160364906390198,"Crush",1440
"Chl1","ALL","ScNT_1440",2678,0.218178424785368,12.4117895635626,0.138226571767497,9.37966850544179,0.658473466979778,0.40410230064076,1.06257576762054,"ScNT",1440
"Chl1","ALL","Crush_2160",4412,0.136755041921595,8.55857328357664,0.138226571767497,9.37966850544179,-0.0154409529304643,-0.132166617146898,-0.147607570077362,"Crush",2160
"Chl1","ALL","Naive_0",16859,0.138226571767497,9.37966850544179,0.138226571767497,9.37966850544179,0,0,0,"Naive",0
"Chl1","ALL","Crush_672",13242,0.189118779732689,8.85014937068408,0.138226571767497,9.37966850544179,0.452257655236394,-0.0838351313131737,0.36842252392322,"Crush",672
"Chl1","ALL","CFA_48",1685,0.141459074733096,9.95026177815526,0.138226571767497,9.37966850544179,0.0333497533539297,0.0851975453707317,0.118547298724661,"CFA",48
"Chl1","ALL","Crush_336",12074,0.174534161490683,9.41755795146755,0.138226571767497,9.37966850544179,0.336474465509447,0.00581606973146316,0.342290535240911,"Crush",336
"Chl1","ALL","Paclitaxel_168",2966,0.133973710819009,5.89053027303248,0.138226571767497,9.37966850544179,-0.0450850430180487,-0.671139423027265,-0.716224466045314,"Paclitaxel",168
"Chl1","ALL","SpNT_24",3470,0.223710746182656,8.12382409149474,0.138226571767497,9.37966850544179,0.694599582849156,-0.207377935469811,0.487221647379345,"SpNT",24
"Chl1","ALL","SpNT_48",2685,0.379932985852569,10.6615113153074,0.138226571767497,9.37966850544179,1.45870999589578,0.184803119565247,1.64351311546102,"SpNT",48
"Chl1","ALL","ScNT_672",2440,0.273863170831626,8.37259362818584,0.138226571767497,9.37966850544179,0.986420288602699,-0.163862331927718,0.822557956674982,"ScNT",672
"Chl1","ALL","Crush_6",4046,0.124660242154682,10.6153814786148,0.138226571767497,9.37966850544179,-0.149033556272566,0.178547376158167,0.0295138198856014,"Crush",6
"Chl1","ALL","Crush_72",14329,0.305757152826239,11.6964406947762,0.138226571767497,9.37966850544179,1.14535127269133,0.318460733546934,1.46381200623826,"Crush",72
"Chl1","ALL","SpNT_72",2913,0.393102264927934,9.12594922510177,0.138226571767497,9.37966850544179,1.50786969953066,-0.0395623092244259,1.46830739030624,"SpNT",72
"Chl1","ALL","SpNT_6",2703,0.156989644970414,11.2029041092519,0.138226571767497,9.37966850544179,0.183634425561355,0.25626392679374,0.439898352355095,"SpNT",6
"Chl1","ALL","SpNT_36",2775,0.318263688760807,10.681432856396,0.138226571767497,9.37966850544179,1.20318759026386,0.187496348451643,1.3906839387155,"SpNT",36
"Chl1","ALL","ScNT_6",1209,0.173140495867769,10.0877373537402,0.138226571767497,9.37966850544179,0.324908219827895,0.104993777698169,0.429901997526064,"ScNT",6
"Chl1","ALL","ScNT_168",5912,0.23820395738204,9.97202719699501,0.138226571767497,9.37966850544179,0.785162404900789,0.088349881365398,0.873512286266187,"ScNT",168
"Cryba2","ALL","SpNT_72",2913,0.0430679478380233,4.5088251519443,0.0021055753262159,4.65291912927172,4.35432818821102,-0.0453845476598309,4.30894364055119,"SpNT",72
"Cryba2","ALL","Crush_72",14329,0.0215282623866015,4.33503908609686,0.0021055753262159,4.65291912927172,3.35394548632467,-0.102091111040003,3.25185437528467,"Crush",72
"Cryba2","ALL","SpNT_12",2633,0.00322703113135915,3.85980855869309,0.0021055753262159,4.65291912927172,0.615993007318588,-0.269606818808459,0.346386188510128,"SpNT",12
"Cryba2","ALL","Crush_2160",4412,0.00600498527079085,4.75912314038678,0.0021055753262159,4.65291912927172,1.51194621891198,0.0325596717871552,1.54450589069913,"Crush",2160
"Cryba2","ALL","Crush_672",13242,0.00834403080872914,5.44802342006304,0.0021055753262159,4.65291912927172,1.98652999640419,0.227596792902237,2.21412678930642,"Crush",672
"Cryba2","ALL","SpNT_24",3470,0.00590607893978681,5.65479142865846,0.0021055753262159,4.65291912927172,1.4879861511142,0.281337700483841,1.76932385159804,"SpNT",24
"Cryba2","ALL","SpNT_48",2685,0.0255026061057334,2.32042691450168,0.0021055753262159,4.65291912927172,3.59835828985785,-1.0037458540726,2.59461243578525,"SpNT",48
"Cryba2","ALL","Crush_6",4046,0.00358290091425747,6.09763236828574,0.0021055753262159,4.65291912927172,0.766913657782911,0.390113059249103,1.15702671703201,"Crush",6
"Cryba2","ALL","ScNT_168",5912,0.0181802807373584,5.05233298701584,0.0021055753262159,4.65291912927172,3.11008808414958,0.118813614445782,3.22890169859536,"ScNT",168
"Cryba2","ALL","SpNT_168",1707,0.0295667447306792,3.78477840835788,0.0021055753262159,4.65291912927172,3.81168901945607,-0.297927276736785,3.51376174271928,"SpNT",168
"Cryba2","ALL","Crush_1440",9787,0.00321822639967307,4.13401494767442,0.0021055753262159,4.65291912927172,0.612051333745289,-0.17059250710926,0.44145882663603,"Crush",1440
"Cryba2","ALL","SpNT_6",2703,0.00129437869822485,9.02322040407338,0.0021055753262159,4.65291912927172,-0.701954717899818,0.955506313574003,0.253551595674185,"SpNT",6
"Cryba2","ALL","ScNT_72",2397,0.01814011676397,4.0296951529752,0.0021055753262159,4.65291912927172,3.10689734875927,-0.207465409553534,2.89943193920573,"ScNT",72
"Cryba2","ALL","Crush_336",12074,0.00774327122153209,5.83297668644163,0.0021055753262159,4.65291912927172,1.8787286876019,0.326096195576231,2.20482488317813,"Crush",336
"Cryba2","ALL","Naive_0",16859,0.0021055753262159,4.65291912927172,0.0021055753262159,4.65291912927172,0,0,0,"Naive",0
"Cryba2","ALL","Crush_168",19121,0.0233500679845204,4.12618064300851,0.0021055753262159,4.65291912927172,3.47114035694698,-0.173329128961676,3.2978112279853,"Crush",168
"Cryba2","ALL","ScNT_24",873,0.0040045766590389,1.05855101784869,0.0021055753262159,4.65291912927172,0.927435248881768,-2.13604530929747,-1.2086100604157,"ScNT",24
"Cryba2","ALL","Crush_24",5009,0.00668662674650699,4.97451449101525,0.0021055753262159,4.65291912927172,1.66706409869996,0.0964196141987798,1.76348371289874,"Crush",24
"Cryba2","ALL","ScNT_12",3168,0.00299779110129378,6.36091512820415,0.0021055753262159,4.65291912927172,0.509685365386114,0.451098224854395,0.960783590240509,"ScNT",12
"Cryba2","ALL","Paclitaxel_168",2966,0.00252780586450961,7.5370509885371,0.0021055753262159,4.65291912927172,0.263671180453014,0.695864040268924,0.959535220721939,"Paclitaxel",168
"Cryba2","ALL","ScNT_1440",2678,0.00541246733855916,2.59052924799865,0.0021055753262159,4.65291912927172,1.36207192560996,-0.844889240123756,0.5171826854862,"ScNT",1440
"Cryba2","ALL","ScNT_6",1209,0.0012396694214876,0.934792334402032,0.0021055753262159,4.65291912927172,-0.764259035116038,-2.31541830362672,-3.07967733874275,"ScNT",6
"Cryba2","ALL","ScNT_672",2440,0.00921753379762393,2.86666311189449,0.0021055753262159,4.65291912927172,2.13016631287328,-0.698763742247468,1.43140257062582,"ScNT",672
"Cryba2","ALL","SpNT_36",2775,0.0131484149855908,3.38075279555272,0.0021055753262159,4.65291912927172,2.64260250262652,-0.460791583741277,2.18181091888524,"SpNT",36
"Cryba2","ALL","CFA_48",1685,0.00148279952550415,6.68124697706939,0.0021055753262159,4.65291912927172,-0.505890929729957,0.521981277740826,0.0160903480108685,"CFA",48
"Csf1","ALL","ScNT_672",2440,0.104260548955346,4.84133617538929,0.0408362989323843,6.4735792463893,1.35226933798902,-0.419158323552157,0.933111014436864,"ScNT",672
"Csf1","ALL","Paclitaxel_168",2966,0.0375800471857095,4.10198949253455,0.0408362989323843,6.4735792463893,-0.119885239865482,-0.658239803606465,-0.778125043471947,"Paclitaxel",168
"Csf1","ALL","Crush_2160",4412,0.0569907092680716,6.23436762976468,0.0408362989323843,6.4735792463893,0.480874629524021,-0.0543203692112961,0.426554260312725,"Crush",2160
"Csf1","ALL","SpNT_12",2633,0.12547456340167,6.08277642406494,0.0408362989323843,6.4735792463893,1.61947090294566,-0.0898336217874536,1.5296372811582,"SpNT",12
"Csf1","ALL","CFA_48",1685,0.0572360616844603,5.72231309757103,0.0408362989323843,6.4735792463893,0.487072288020479,-0.177965162703552,0.309107125316927,"CFA",48
"Csf1","ALL","ScNT_168",5912,0.143328259766616,7.99266487579526,0.0408362989323843,6.4735792463893,1.81139906795354,0.304112999897911,2.11551206785146,"ScNT",168
"Csf1","ALL","Crush_24",5009,0.139620758483034,7.38066524317241,0.0408362989323843,6.4735792463893,1.77358943077666,0.189187257016742,1.96277668779341,"Crush",24
"Csf1","ALL","Crush_72",14329,0.154745289602233,7.34664242611113,0.0408362989323843,6.4735792463893,1.9219714717334,0.182521457961729,2.10449292969513,"Crush",72
"Csf1","ALL","Naive_0",16859,0.0408362989323843,6.4735792463893,0.0408362989323843,6.4735792463893,0,0,0,"Naive",0
"Csf1","ALL","ScNT_1440",2678,0.0707353490108249,7.34297476827499,0.0408362989323843,6.4735792463893,0.792579244023193,0.181801042744395,0.974380286767589,"ScNT",1440
"Csf1","ALL","ScNT_72",2397,0.169933277731443,6.91913552121628,0.0408362989323843,6.4735792463893,2.0570443773987,0.0960281984991954,2.15307257589789,"ScNT",72
"Csf1","ALL","SpNT_168",1707,0.243852459016393,6.21437257095595,0.0408362989323843,6.4735792463893,2.57808449743954,-0.0589548617828095,2.51912963565673,"SpNT",168
"Csf1","ALL","SpNT_24",3470,0.244742149236531,5.96447910978124,0.0408362989323843,6.4735792463893,2.58333855905006,-0.118167449989568,2.46517110906049,"SpNT",24
"Csf1","ALL","SpNT_72",2913,0.351235415236788,6.51115679671751,0.0408362989323843,6.4735792463893,3.10451429665338,0.00835028092593705,3.11286457757932,"SpNT",72
"Csf1","ALL","SpNT_48",2685,0.325204765450484,7.15029162939061,0.0408362989323843,6.4735792463893,2.9934243751838,0.14343848447747,3.13686285966127,"SpNT",48
"Csf1","ALL","ScNT_6",1209,0.0433884297520661,5.3386421066278,0.0408362989323843,6.4735792463893,0.0874582571986462,-0.278090763435172,-0.190632506236526,"ScNT",6
"Csf1","ALL","Crush_1440",9787,0.0544033510420924,6.97398696184589,0.0408362989323843,6.4735792463893,0.413843400728291,0.107420067051239,0.52126346777953,"Crush",1440
"Csf1","ALL","Crush_672",13242,0.0714717209091596,6.05852593132408,0.0408362989323843,6.4735792463893,0.807520408086177,-0.0955967781799359,0.711923629906241,"Crush",672
"Csf1","ALL","SpNT_36",2775,0.297370317002882,6.59542701289056,0.0408362989323843,6.4735792463893,2.86433662402948,0.0269024681458232,2.8912390921753,"SpNT",36
"Csf1","ALL","ScNT_24",873,0.112700228832952,5.46559979940825,0.0408362989323843,6.4735792463893,1.46456642165026,-0.244183772765447,1.22038264888481,"ScNT",24
"Csf1","ALL","Crush_168",19121,0.164234912666039,6.76573463964475,0.0408362989323843,6.4735792463893,2.00783682119561,0.0636829940959248,2.07151981529154,"Crush",168
"Csf1","ALL","ScNT_12",3168,0.0465446513095614,6.50102508995841,0.0408362989323843,6.4735792463893,0.18876327156145,0.0061036221905577,0.194866893752008,"ScNT",12
"Csf1","ALL","Crush_6",4046,0.0450951321966889,6.59809524578353,0.0408362989323843,6.4735792463893,0.143119591792436,0.0274860039658485,0.170605595758285,"Crush",6
"Csf1","ALL","Crush_336",12074,0.0656314699792961,6.49950271169635,0.0408362989323843,6.4735792463893,0.684535628110752,0.00576573935801682,0.690301367468769,"Crush",336
"Csf1","ALL","SpNT_6",2703,0.0800665680473373,7.65838428628382,0.0408362989323843,6.4735792463893,0.971347850139021,0.242476454398075,1.2138243045371,"SpNT",6
"Ecel1","ALL","ScNT_24",873,0.0429061784897025,2.8363359408045,0.00228351126927639,5.27984396324175,4.23185959612983,-0.896466875698377,3.33539272043145,"ScNT",24
"Ecel1","ALL","Crush_168",19121,0.0631994561238364,5.2646303347182,0.00228351126927639,5.27984396324175,4.79058632840112,-0.00416306039253015,4.78642326800859,"Crush",168
"Ecel1","ALL","ScNT_672",2440,0.0440393281442032,4.93115975974294,0.00228351126927639,5.27984396324175,4.26946664494285,-0.098568299790609,4.17089834515224,"ScNT",672
"Ecel1","ALL","Crush_24",5009,0.0130738522954092,3.61685234689578,0.00228351126927639,5.27984396324175,2.51735848858942,-0.545760590706787,1.97159789788264,"Crush",24
"Ecel1","ALL","Crush_2160",4412,0.00419215952866531,3.41407500793987,0.00228351126927639,5.27984396324175,0.876439708787507,-0.6290005388045,0.247439169983007,"Crush",2160
"Ecel1","ALL","SpNT_168",1707,0.138466042154567,6.47617578103844,0.00228351126927639,5.27984396324175,5.92213448885345,0.294646851013022,6.21678133986647,"SpNT",168
"Ecel1","ALL","Paclitaxel_168",2966,0.00859453993933266,3.9737857145648,0.00228351126927639,5.27984396324175,1.91216650562577,-0.409981216125884,1.50218528949989,"Paclitaxel",168
"Ecel1","ALL","CFA_48",1685,0.00326215895610913,1.99436074185049,0.00228351126927639,5.27984396324175,0.514573172829758,-1.40456890445069,-0.889995731620936,"CFA",48
"Ecel1","ALL","SpNT_6",2703,0.00536242603550296,3.17822676558484,0.00228351126927639,5.27984396324175,1.23163193397993,-0.732273229585458,0.499358704394473,"SpNT",6
"Ecel1","ALL","SpNT_24",3470,0.0416306539902046,2.80044358129168,0.00228351126927639,5.27984396324175,4.18832040780658,-0.914839930286197,3.27348047752038,"SpNT",24
"Ecel1","ALL","Crush_672",13242,0.0189911651438496,5.23249748746162,0.00228351126927639,5.27984396324175,3.05600260562806,-0.0129955801007693,3.04300702552729,"Crush",672
"Ecel1","ALL","SpNT_12",2633,0.0108200455580866,2.44488857286316,0.00228351126927639,5.27984396324175,2.24438075904277,-1.11072657877072,1.13365418027205,"SpNT",12
"Ecel1","ALL","ScNT_12",3168,0.00520668980751026,4.49886333534074,0.00228351126927639,5.27984396324175,1.18911255011076,-0.230934751855792,0.958177798254971,"ScNT",12
"Ecel1","ALL","ScNT_72",2397,0.0761050875729775,4.96702592939729,0.00228351126927639,5.27984396324175,5.0586670854877,-0.088113015724261,4.97055406976344,"ScNT",72
"Ecel1","ALL","ScNT_168",5912,0.0684085912396415,7.27650211570909,0.00228351126927639,5.27984396324175,4.90485170579988,0.462749805901398,5.36760151170128,"ScNT",168
"Ecel1","ALL","Crush_1440",9787,0.00577237433592154,5.27320579763123,0.00228351126927639,5.27984396324175,1.33791095147034,-0.00181499189088003,1.33609595957946,"Crush",1440
"Ecel1","ALL","Crush_72",14329,0.0541172365666434,5.72635966397037,0.00228351126927639,5.27984396324175,4.56676235702113,0.117122992842448,4.68388534986357,"Crush",72
"Ecel1","ALL","SpNT_36",2775,0.0887968299711816,3.80413797748684,0.00228351126927639,5.27984396324175,5.28118235893419,-0.472925719600796,4.8082566393334,"SpNT",36
"Ecel1","ALL","ScNT_6",1209,0.0012396694214876,0.768267051433735,0.00228351126927639,5.27984396324175,-0.881298456306257,-2.78081550640257,-3.66211396270883,"ScNT",6
"Ecel1","ALL","SpNT_72",2913,0.127487989018531,4.85392168223237,0.00228351126927639,5.27984396324175,5.80296361360863,-0.121344462959992,5.68161915064864,"SpNT",72
"Ecel1","ALL","Crush_336",12074,0.0182608695652174,5.65807763139111,0.00228351126927639,5.27984396324175,2.99942965208157,0.0998166774709633,3.09924632955253,"Crush",336
"Ecel1","ALL","SpNT_48",2685,0.100707371556217,3.47311323190768,0.00228351126927639,5.27984396324175,5.46277156953392,-0.604265846988101,4.85850572254582,"SpNT",48
"Ecel1","ALL","Naive_0",16859,0.00228351126927639,5.27984396324175,0.00228351126927639,5.27984396324175,0,0,0,"Naive",0
"Ecel1","ALL","ScNT_1440",2678,0.0158641284061217,5.27323105129542,0.00228351126927639,5.27984396324175,2.79644244542987,-0.00180808276382291,2.79463436266604,"ScNT",1440
"Ecel1","ALL","Crush_6",4046,0.00308870768470472,4.88111856925459,0.00228351126927639,5.27984396324175,0.435749431239844,-0.113283496574604,0.32246593466524,"Crush",6
"Fam196a","ALL","ScNT_24",873,0.0108695652173913,1.75458567977917,0.00394424673784104,4.311729816297,1.46247252427124,-1.29713637904486,0.16533614522638,"ScNT",24
"Fam196a","ALL","Naive_0",16859,0.00394424673784104,4.311729816297,0.00394424673784104,4.311729816297,0,0,0,"Naive",0
"Fam196a","ALL","Crush_672",13242,0.00758891489843691,4.06090775897581,0.00394424673784104,4.311729816297,0.944143812195175,-0.0864645203638865,0.857679291831289,"Crush",672
"Fam196a","ALL","ScNT_168",5912,0.00904786064603416,4.57145759630818,0.00394424673784104,4.311729816297,1.19782690496476,0.0843874597947045,1.28221436475946,"ScNT",168
"Fam196a","ALL","Crush_336",12074,0.00641821946169772,4.92538778221921,0.00394424673784104,4.311729816297,0.702423316991995,0.191970536240234,0.894393853232229,"Crush",336
"Fam196a","ALL","ScNT_12",3168,0.00457557589144841,5.62400880643179,0.00394424673784104,4.311729816297,0.214203531073594,0.383332075409131,0.597535606482724,"ScNT",12
"Fam196a","ALL","Crush_168",19121,0.0131523899173727,4.3416120011965,0.00394424673784104,4.311729816297,1.73750326563477,0.00996402366648698,1.74746728930126,"Crush",168
"Fam196a","ALL","Crush_24",5009,0.00788423153692615,6.16652452577883,0.00394424673784104,4.311729816297,0.999220340422787,0.51619083251903,1.51541117294182,"Crush",24
"Fam196a","ALL","Crush_2160",4412,0.00600498527079085,3.85653660171139,0.00394424673784104,4.311729816297,0.606410902915468,-0.160960974744134,0.445449928171334,"Crush",2160
"Fam196a","ALL","SpNT_168",1707,0.0190281030444965,3.99943747419619,0.00394424673784104,4.311729816297,2.27031003373622,-0.108469680631479,2.16184035310474,"SpNT",168
"Fam196a","ALL","ScNT_6",1209,0.00619834710743802,1.9199998642103,0.00394424673784104,4.311729816297,0.652133743774817,-1.16716056915347,-0.515026825378655,"ScNT",6
"Fam196a","ALL","ScNT_672",2440,0.0120852109791069,2.84856740741794,0.00394424673784104,4.311729816297,1.61542094990894,-0.598030232066654,1.01739071784229,"ScNT",672
"Fam196a","ALL","SpNT_12",2633,0.00702353834472285,4.74102903518073,0.00394424673784104,4.311729816297,0.83244821570069,0.13693345042926,0.96938166612995,"SpNT",12
"Fam196a","ALL","Paclitaxel_168",2966,0.00387596899224806,3.61869494955339,0.00394424673784104,4.311729816297,-0.0251927750949991,-0.252797282215006,-0.277990057310005,"Paclitaxel",168
"Fam196a","ALL","ScNT_1440",2678,0.00391937290033595,4.87501539639397,0.00394424673784104,4.311729816297,-0.00912696273536358,0.177139997157513,0.168013034422149,"ScNT",1440
"Fam196a","ALL","SpNT_24",3470,0.0128205128205128,2.63319767000114,0.00394424673784104,4.311729816297,1.70063226146601,-0.711450951773742,0.989181309692264,"SpNT",24
"Fam196a","ALL","SpNT_6",2703,0.00573224852071006,5.32724286447468,0.00394424673784104,4.311729816297,0.539351354432946,0.305122275572111,0.844473630005057,"SpNT",6
"Fam196a","ALL","SpNT_36",2775,0.0124279538904899,3.92711139451085,0.00394424673784104,4.311729816297,1.65576708452816,-0.13479825670415,1.52096882782401,"SpNT",36
"Fam196a","ALL","Crush_72",14329,0.0137822749476622,4.81309778525688,0.00394424673784104,4.311729816297,1.80499233424321,0.158698956034036,1.96369129027725,"Crush",72
"Fam196a","ALL","ScNT_72",2397,0.0106338615512927,4.39900314930077,0.00394424673784104,4.311729816297,1.43084387888553,0.028909856024611,1.45975373491014,"ScNT",72
"Fam196a","ALL","SpNT_48",2685,0.0161950856291884,3.30402872380166,0.00394424673784104,4.311729816297,2.03773438674954,-0.384040549086272,1.65369383766327,"SpNT",48
"Fam196a","ALL","Crush_1440",9787,0.00597670617082141,5.55717832801425,0.00394424673784104,4.311729816297,0.59960081383227,0.366085758570824,0.965686572403094,"Crush",1440
"Fam196a","ALL","CFA_48",1685,0.00741399762752076,4.77542935580218,0.00394424673784104,4.311729816297,0.910501849160898,0.147363672702201,1.0578655218631,"CFA",48
"Fam196a","ALL","Crush_6",4046,0.00654806029157401,2.78302165328537,0.00394424673784104,4.311729816297,0.73131780122203,-0.631614644472637,0.0997031567493935,"Crush",6
"Fam196a","ALL","SpNT_72",2913,0.0156142759094029,3.65235245557759,0.00394424673784104,4.311729816297,1.98504395846244,-0.239440784547069,1.74560317391537,"SpNT",72
"Flrt3","ALL","CFA_48",1685,0.115954922894425,6.83884295563606,0.111654804270463,6.43817809036573,0.0545187426354241,0.0870997756576201,0.141618518293044,"CFA",48
"Flrt3","ALL","SpNT_12",2633,0.50626423690205,15.6058211422021,0.111654804270463,6.43817809036573,2.18084524556457,1.27735988078302,3.45820512634758,"SpNT",12
"Flrt3","ALL","Crush_1440",9787,0.111514098896608,7.33176377711676,0.111654804270463,6.43817809036573,-0.00181920481844467,0.187507819646545,0.1856886148281,"Crush",1440
"Flrt3","ALL","Paclitaxel_168",2966,0.165992585102797,5.82855120699946,0.111654804270463,6.43817809036573,0.572073469133626,-0.143515164883914,0.428558304249712,"Paclitaxel",168
"Flrt3","ALL","ScNT_168",5912,0.287924911212582,13.5616714557536,0.111654804270463,6.43817809036573,1.36664728740495,1.07481060969532,2.44145789710027,"ScNT",168
"Flrt3","ALL","Crush_168",19121,0.361442317749189,14.1055950297724,0.111654804270463,6.43817809036573,1.69472009853934,1.13154313604197,2.82626323458131,"Crush",168
"Flrt3","ALL","Crush_2160",4412,0.115001133016089,6.28876312979904,0.111654804270463,6.43817809036573,0.0426027463667064,-0.0338761880338241,0.00872655833288233,"Crush",2160
"Flrt3","ALL","ScNT_672",2440,0.27550184350676,9.82502291016895,0.111654804270463,6.43817809036573,1.30301664393299,0.609808286844132,1.91282493077712,"ScNT",672
"Flrt3","ALL","Naive_0",16859,0.111654804270463,6.43817809036573,0.111654804270463,6.43817809036573,0,0,0,"Naive",0
"Flrt3","ALL","ScNT_24",873,0.410183066361556,14.2489418945131,0.111654804270463,6.43817809036573,1.87722260547146,1.14613040109469,3.02335300656615,"ScNT",24
"Flrt3","ALL","Crush_336",12074,0.15879917184265,9.52502777163596,0.111654804270463,6.43817809036573,0.508158060049952,0.565070814370342,1.07322887442029,"Crush",336
"Flrt3","ALL","ScNT_72",2397,0.378023352793995,15.2535361901317,0.111654804270463,6.43817809036573,1.75943003260009,1.24441934817955,3.00384938077964,"ScNT",72
"Flrt3","ALL","ScNT_12",3168,0.249763332281477,9.05919015339716,0.111654804270463,6.43817809036573,1.1615163620251,0.492729601631147,1.65424596365625,"ScNT",12
"Flrt3","ALL","SpNT_24",3470,0.649812734082397,20.4025452113833,0.111654804270463,6.43817809036573,2.54097868716086,1.66402474944995,4.20500343661081,"SpNT",24
"Flrt3","ALL","Crush_72",14329,0.346301465457083,13.5469960128128,0.111654804270463,6.43817809036573,1.63298316403833,1.07324858597384,2.70623175001217,"Crush",72
"Flrt3","ALL","Crush_24",5009,0.367564870259481,15.2269974527642,0.111654804270463,6.43817809036573,1.71895356008732,1.2419071011884,2.96086066127572,"Crush",24
"Flrt3","ALL","ScNT_6",1209,0.149173553719008,5.55321813125294,0.111654804270463,6.43817809036573,0.417946460995368,-0.213328418310512,0.204618042684856,"ScNT",6
"Flrt3","ALL","SpNT_36",2775,0.636347262247839,24.021510685603,0.111654804270463,6.43817809036573,2.51076894758255,1.89960249360742,4.41037144118996,"SpNT",36
"Flrt3","ALL","Crush_672",13242,0.178622668579627,9.09019564421026,0.111654804270463,6.43817809036573,0.677869852469812,0.497658860599016,1.17552871306883,"Crush",672
"Flrt3","ALL","Crush_6",4046,0.108351865579442,7.63777087099504,0.111654804270463,6.43817809036573,-0.0433213349545367,0.246499155902982,0.203177820948445,"Crush",6
"Flrt3","ALL","SpNT_6",2703,0.214312130177515,9.3839955763072,0.111654804270463,6.43817809036573,0.940668180994441,0.543549848634417,1.48421802962886,"SpNT",6
"Flrt3","ALL","SpNT_168",1707,0.502049180327869,17.6917407908667,0.111654804270463,6.43817809036573,2.16878336770984,1.4583516202259,3.62713498793574,"SpNT",168
"Flrt3","ALL","SpNT_72",2913,0.677247769389156,21.7103238322045,0.111654804270463,6.43817809036573,2.60063840809875,1.7536568556737,4.35429526377244,"SpNT",72
"Flrt3","ALL","SpNT_48",2685,0.633842144452718,22.0352500066548,0.111654804270463,6.43817809036573,2.50507825974215,1.7750888754332,4.28016713517534,"SpNT",48
"Flrt3","ALL","ScNT_1440",2678,0.148749533407988,9.45033955170609,0.111654804270463,6.43817809036573,0.413839814418247,0.553713681817528,0.967553496235775,"ScNT",1440
"Fosl1","ALL","Crush_2160",4412,0.00101971447994562,4.64162979141811,0.000504151838671412,5.60561972243073,1.01623504404543,-0.272242416891048,0.743992627154383,"Crush",2160
"Fosl1","ALL","ScNT_672",2440,0.00266284309709136,2.07602079109404,0.000504151838671412,5.60561972243073,2.40103721293904,-1.43305298505073,0.967984227888313,"ScNT",672
"Fosl1","ALL","SpNT_36",2775,0.0153097982708934,3.69381719906433,0.000504151838671412,5.60561972243073,4.92445315813855,-0.601761405750008,4.32269175238854,"SpNT",36
"Fosl1","ALL","ScNT_72",2397,0.00437864887406172,3.92435473501397,0.000504151838671412,5.60561972243073,3.11855555394364,-0.514418419948521,2.60413713399512,"ScNT",72
"Fosl1","ALL","Crush_24",5009,0.00508982035928144,3.2035888747595,0.000504151838671412,5.60561972243073,3.33568452846803,-0.807184862571002,2.52849966589703,"Crush",24
"Fosl1","ALL","SpNT_48",2685,0.0158227848101266,4.86533388573151,0.000504151838671412,5.60561972243073,4.97200142128936,-0.204335063231737,4.76766635805763,"SpNT",48
"Fosl1","ALL","Naive_0",16859,0.000504151838671412,5.60561972243073,0.000504151838671412,5.60561972243073,0,0,0,"Naive",0
"Fosl1","ALL","CFA_48",1685,0.00207591933570581,4.92675542529175,0.000504151838671412,5.60561972243073,2.04182017569463,-0.186236022282103,1.85558415341252,"CFA",48
"Fosl1","ALL","Crush_1440",9787,0.000561912545974663,3.17713162281115,0.000504151838671412,5.60561972243073,0.156487307137013,-0.819149017699945,-0.662661710562932,"Crush",1440
"Fosl1","ALL","SpNT_6",2703,0.00425295857988166,3.65492158586395,0.000504151838671412,5.60561972243073,3.07653659435393,-0.617033422874444,2.45950317147949,"SpNT",6
"Fosl1","ALL","ScNT_1440",2678,0.00205300485255692,3.6220305407182,0.000504151838671412,5.60561972243073,2.02580682737402,-0.630075166186039,1.39573166118798,"ScNT",1440
"Fosl1","ALL","Crush_168",19121,0.00384374019454032,3.75646893713081,0.000504151838671412,5.60561972243073,2.93058061491646,-0.577496704804753,2.35308391011171,"Crush",168
"Fosl1","ALL","Crush_336",12074,0.00202898550724638,3.94299641341477,0.000504151838671412,5.60561972243073,2.00882835008382,-0.507581479075213,1.5012468710086,"Crush",336
"Fosl1","ALL","SpNT_12",2633,0.0108200455580866,5.16634469714921,0.000504151838671412,5.60561972243073,4.42370445848733,-0.117729974335081,4.30597448415225,"SpNT",12
"Fosl1","ALL","Crush_6",4046,0.000370644922164566,4.31216779718117,0.000504151838671412,5.60561972243073,-0.443820558369162,-0.378460559195735,-0.822281117564897,"Crush",6
"Fosl1","ALL","SpNT_168",1707,0.00322014051522248,2.92727759918802,0.000504151838671412,5.60561972243073,2.67519343359591,-0.937314311540506,1.73787912205541,"SpNT",168
"Fosl1","ALL","Crush_672",13242,0.000641848523748395,7.37535647453244,0.000504151838671412,5.60561972243073,0.348374556517436,0.395838903872696,0.744213460390132,"Crush",672
"Fosl1","ALL","SpNT_72",2913,0.0145847632120796,5.03802354724296,0.000504151838671412,5.60561972243073,4.85445984865229,-0.154016012125734,4.70044383652656,"SpNT",72
"Fosl1","ALL","ScNT_24",873,0.0040045766590389,1.0889549446743,0.000504151838671412,5.60561972243073,2.98971952713611,-2.36392961320547,0.625789913930638,"ScNT",24
"Fosl1","ALL","Crush_72",14329,0.00422191207257502,4.22148569752536,0.000504151838671412,5.60561972243073,3.06596632270419,-0.409123050993657,2.65684327171053,"Crush",72
"Fosl1","ALL","SpNT_24",3470,0.0133967156439067,4.4277722886714,0.000504151838671412,5.60561972243073,4.73187723585849,-0.340292848079255,4.39158438777924,"SpNT",24
"Fosl1","ALL","ScNT_168",5912,0.00329781836631152,5.09329314110703,0.000504151838671412,5.60561972243073,2.70958173167671,-0.138275124252306,2.57130660742441,"ScNT",168
"Fosl1","ALL","Paclitaxel_168",2966,0.00185372430064038,2.04682706239047,0.000504151838671412,5.60561972243073,1.87849648173614,-1.45348466386608,0.425011817870053,"Paclitaxel",168
"Fosl1","ALL","ScNT_6",1209,0.0012396694214876,2.81904350536634,0.000504151838671412,5.60561972243073,1.2980252431383,-0.991668134517377,0.306357108620927,"ScNT",6
"Fosl1","ALL","ScNT_12",3168,0.00457557589144841,2.4912226719291,0.000504151838671412,5.60561972243073,3.18202312532444,-1.17001989807486,2.01200322724959,"ScNT",12
"Gadd45a","ALL","SpNT_72",2913,0.502916952642416,10.6884914916981,0.093920521945433,4.52256559307152,2.42080785442628,1.24084492202145,3.66165277644773,"SpNT",72
"Gadd45a","ALL","Paclitaxel_168",2966,0.136332996292551,4.78243509610934,0.093920521945433,4.52256559307152,0.537622444750965,0.0806039623092177,0.618226407060183,"Paclitaxel",168
"Gadd45a","ALL","Crush_72",14329,0.322505233775297,11.3041393593119,0.093920521945433,4.52256559307152,1.77981024241225,1.32163782442712,3.10144806683938,"Crush",72
"Gadd45a","ALL","SpNT_168",1707,0.311182669789227,10.4108866791926,0.093920521945433,4.52256559307152,1.72824938571187,1.20287961373425,2.93112899944611,"SpNT",168
"Gadd45a","ALL","Crush_2160",4412,0.108203036483118,5.10833564299637,0.093920521945433,4.52256559307152,0.20422865474838,0.175711893237944,0.379940547986323,"Crush",2160
"Gadd45a","ALL","ScNT_12",3168,0.316661407384033,10.7626742980419,0.093920521945433,4.52256559307152,1.75342872078164,1.25082326954093,3.00425199032257,"ScNT",12
"Gadd45a","ALL","ScNT_168",5912,0.243615761880602,9.98396358413088,0.093920521945433,4.52256559307152,1.37509514719648,1.1424712449328,2.51756639212928,"ScNT",168
"Gadd45a","ALL","SpNT_6",2703,0.212832840236686,7.1114785551266,0.093920521945433,4.52256559307152,1.1802084456513,0.653008116163564,1.83321656181486,"SpNT",6
"Gadd45a","ALL","CFA_48",1685,0.0963819691577699,4.34447353920826,0.093920521945433,4.52256559307152,0.0373228507749891,-0.0579600644585521,-0.0206372136835631,"CFA",48
"Gadd45a","ALL","SpNT_24",3470,0.64116969173149,15.0915562547272,0.093920521945433,4.52256559307152,2.77119389942488,1.73852825328227,4.50972215270714,"SpNT",24
"Gadd45a","ALL","ScNT_6",1209,0.140909090909091,5.17894958563523,0.093920521945433,4.52256559307152,0.58525236066347,0.195518087516661,0.780770448180131,"ScNT",6
"Gadd45a","ALL","Crush_6",4046,0.112305411415864,5.2656357780718,0.093920521945433,4.52256559307152,0.257915114325938,0.219466307055053,0.477381421380991,"Crush",6
"Gadd45a","ALL","Crush_1440",9787,0.104055986922763,5.56923379122429,0.093920521945433,4.52256559307152,0.147847642687753,0.300337429755263,0.448185072443016,"Crush",1440
"Gadd45a","ALL","ScNT_1440",2678,0.101717058603957,7.20205518043704,0.093920521945433,4.52256559307152,0.115049317623165,0.67126722601845,0.786316543641615,"ScNT",1440
"Gadd45a","ALL","ScNT_672",2440,0.198074559606719,6.29441354732512,0.093920521945433,4.52256559307152,1.07653126349694,0.476930540673608,1.55346180417055,"ScNT",672
"Gadd45a","ALL","Crush_168",19121,0.318089112017571,9.94397632532568,0.093920521945433,4.52256559307152,1.75991865912804,1.13668143447909,2.89660009360712,"Crush",168
"Gadd45a","ALL","Crush_672",13242,0.14819149739485,6.93449158624231,0.093920521945433,4.52256559307152,0.657950343155598,0.616648685706252,1.27459902886185,"Crush",672
"Gadd45a","ALL","Crush_24",5009,0.381137724550898,13.6306182454139,0.093920521945433,4.52256559307152,2.0208000803412,1.59163766784926,3.61243774819046,"Crush",24
"Gadd45a","ALL","ScNT_72",2397,0.319641367806505,10.102352622973,0.093920521945433,4.52256559307152,1.76694180204581,1.15947797283006,2.92641977487587,"ScNT",72
"Gadd45a","ALL","SpNT_12",2633,0.480827638572513,11.9361838515842,0.093920521945433,4.52256559307152,2.35600749525724,1.40012833028107,3.75613582553831,"SpNT",12
"Gadd45a","ALL","Naive_0",16859,0.093920521945433,4.52256559307152,0.093920521945433,4.52256559307152,0,0,0,"Naive",0
"Gadd45a","ALL","Crush_336",12074,0.132215320910973,7.39223506445258,0.093920521945433,4.52256559307152,0.49337703276085,0.708869206363898,1.20224623912475,"Crush",336
"Gadd45a","ALL","SpNT_36",2775,0.549891930835735,14.0883806393449,0.093920521945433,4.52256559307152,2.54963578542977,1.63929246123773,4.1889282466675,"SpNT",36
"Gadd45a","ALL","ScNT_24",873,0.311784897025172,8.86029525786493,0.093920521945433,4.52256559307152,1.73103871396495,0.97021334838622,2.70125206235117,"ScNT",24
"Gadd45a","ALL","SpNT_48",2685,0.534810126582278,12.9131743074564,0.093920521945433,4.52256559307152,2.50951445190634,1.51363035427322,4.02314480617956,"SpNT",48
"Gal","ALL","ScNT_12",3168,0.0692647522877879,4.4896563195698,0.0550711743772242,5.17791543877838,0.330824001047148,-0.205766392811934,0.125057608235215,"ScNT",12
"Gal","ALL","Naive_0",16859,0.0550711743772242,5.17791543877838,0.0550711743772242,5.17791543877838,0,0,0,"Naive",0
"Gal","ALL","Crush_2160",4412,0.0531384545660548,5.4878400267972,0.0550711743772242,5.17791543877838,-0.0515411035665859,0.0838670222754161,0.0323259187088302,"Crush",2160
"Gal","ALL","Crush_1440",9787,0.0490907233346955,4.8833687285961,0.0550711743772242,5.17791543877838,-0.165846949411615,-0.084494688902575,-0.25034163831419,"Crush",1440
"Gal","ALL","CFA_48",1685,0.0619810201660735,3.97019790368096,0.0550711743772242,5.17791543877838,0.170529127032824,-0.38316048096106,-0.212631353928236,"CFA",48
"Gal","ALL","ScNT_672",2440,0.114502253174928,6.88927949727991,0.0550711743772242,5.17791543877838,1.05600670895606,0.411981704604641,1.4679884135607,"ScNT",672
"Gal","ALL","SpNT_12",2633,0.0867501898253607,5.52653340387852,0.0550711743772242,5.17791543877838,0.655569540695579,0.0940034087383297,0.749572949433909,"SpNT",12
"Gal","ALL","Crush_72",14329,0.288799720865318,14.2494061731598,0.0550711743772242,5.17791543877838,2.39070006881895,1.46045848825228,3.85115855707122,"Crush",72
"Gal","ALL","Crush_168",19121,0.287757556740927,15.2238950402005,0.0550711743772242,5.17791543877838,2.38548453617393,1.55589421052576,3.94137874669969,"Crush",168
"Gal","ALL","Crush_24",5009,0.0899201596806387,7.63510071298374,0.0550711743772242,5.17791543877838,0.707347223624992,0.560275782843019,1.26762300646801,"Crush",24
"Gal","ALL","ScNT_24",873,0.124141876430206,6.39970730409424,0.0550711743772242,5.17791543877838,1.1726205788379,0.305634519183804,1.47825509802171,"ScNT",24
"Gal","ALL","SpNT_168",1707,0.34748243559719,21.9050165876498,0.0550711743772242,5.17791543877838,2.65757077591544,2.08081799744751,4.73838877336295,"SpNT",168
"Gal","ALL","SpNT_72",2913,0.423301304049417,25.2231135909971,0.0550711743772242,5.17791543877838,2.94231565412963,2.28430306608673,5.22661872021636,"SpNT",72
"Gal","ALL","ScNT_72",2397,0.241242702251877,15.884234657174,0.0550711743772242,5.17791543877838,2.13111602158729,1.61715226930997,3.74826829089726,"ScNT",72
"Gal","ALL","ScNT_6",1209,0.0615702479338843,3.95816998247945,0.0550711743772242,5.17791543877838,0.160936004194229,-0.387537834744646,-0.226601830550418,"ScNT",6
"Gal","ALL","SpNT_36",2775,0.264589337175793,14.0432514303494,0.0550711743772242,5.17791543877838,2.26438564387204,1.43943369142483,3.70381933529687,"SpNT",36
"Gal","ALL","ScNT_1440",2678,0.0524449421425905,6.17615353710511,0.0550711743772242,5.17791543877838,-0.0704937297274291,0.254337213379599,0.18384348365217,"ScNT",1440
"Gal","ALL","SpNT_6",2703,0.0612056213017751,4.4449224305043,0.0550711743772242,5.17791543877838,0.152366786419057,-0.220213162158057,-0.067846375739,"SpNT",6
"Gal","ALL","Crush_336",12074,0.0604968944099379,7.72404510721352,0.0550711743772242,5.17791543877838,0.135563710087025,0.576985184839264,0.712548894926288,"Crush",336
"Gal","ALL","SpNT_24",3470,0.217660616537021,10.8135317318138,0.0550711743772242,5.17791543877838,1.98271111123021,1.0623944788519,3.0451055900821,"SpNT",24
"Gal","ALL","Paclitaxel_168",2966,0.074654533198517,5.88104156170538,0.0550711743772242,5.17791543877838,0.438932492968775,0.183700281569136,0.622632774537911,"Paclitaxel",168
"Gal","ALL","Crush_672",13242,0.0822698784263384,7.73194760797015,0.0550711743772242,5.17791543877838,0.579066937697922,0.578460457227881,1.1575273949258,"Crush",672
"Gal","ALL","Crush_6",4046,0.043859649122807,5.06958369482575,0.0550711743772242,5.17791543877838,-0.328403103383356,-0.0305041240387844,-0.35890722742214,"Crush",6
"Gal","ALL","SpNT_48",2685,0.31813104988831,19.1056858180813,0.0550711743772242,5.17791543877838,2.53025190814272,1.88355873593545,4.41381064407817,"SpNT",48
"Gal","ALL","ScNT_168",5912,0.273211567732116,15.5409766669933,0.0550711743772242,5.17791543877838,2.31064928939475,1.58563386253714,3.89628315193189,"ScNT",168
"Gap43","ALL","ScNT_24",873,0.371281464530892,10.2000035559446,0.245996441281139,9.82509456794835,0.593875848484759,0.0540264564539581,0.647902304938717,"ScNT",24
"Gap43","ALL","ScNT_168",5912,0.482242516489092,14.3745330964349,0.245996441281139,9.82509456794835,0.971121405591285,0.548971897505293,1.52009330309658,"ScNT",168
"Gap43","ALL","ScNT_672",2440,0.450020483408439,12.3961962101849,0.245996441281139,9.82509456794835,0.871353224628342,0.335354296868031,1.20670752149637,"ScNT",672
"Gap43","ALL","ScNT_6",1209,0.246694214876033,8.26604480932956,0.245996441281139,9.82509456794835,0.00408643908906715,-0.249274109158841,-0.245187670069774,"ScNT",6
"Gap43","ALL","Crush_24",5009,0.309680638722555,12.0300354977388,0.245996441281139,9.82509456794835,0.332143743432368,0.292097700868061,0.624241444300429,"Crush",24
"Gap43","ALL","SpNT_12",2633,0.317577828397874,11.082793584535,0.245996441281139,9.82509456794835,0.368472749768057,0.173778381476544,0.542251131244602,"SpNT",12
"Gap43","ALL","ScNT_1440",2678,0.272303098170959,11.5231131433138,0.245996441281139,9.82509456794835,0.146575952061731,0.229987336629744,0.376563288691475,"ScNT",1440
"Gap43","ALL","SpNT_6",2703,0.21616124260355,8.96039895780146,0.245996441281139,9.82509456794835,-0.186529571764309,-0.132908324513634,-0.319437896277943,"SpNT",6
"Gap43","ALL","Crush_2160",4412,0.293337865397689,10.3400037115458,0.245996441281139,9.82509456794835,0.253925867910344,0.073693504810545,0.327619372720889,"Crush",2160
"Gap43","ALL","Crush_72",14329,0.547836706210747,15.8247958868653,0.245996441281139,9.82509456794835,1.15510848798059,0.687643692746712,1.8427521807273,"Crush",72
"Gap43","ALL","Naive_0",16859,0.245996441281139,9.82509456794835,0.245996441281139,9.82509456794835,0,0,0,"Naive",0
"Gap43","ALL","CFA_48",1685,0.29626334519573,10.6392447088457,0.245996441281139,9.82509456794835,0.268242696836555,0.114852537340401,0.383095234176956,"CFA",48
"Gap43","ALL","Crush_6",4046,0.240301457870027,10.2992277536587,0.245996441281139,9.82509456794835,-0.0337920438096504,0.0679929680566628,0.0342009242470124,"Crush",6
"Gap43","ALL","SpNT_168",1707,0.538348946135831,22.1654590581287,0.245996441281139,9.82509456794835,1.12990415477767,1.17377004307556,2.30367419785323,"SpNT",168
"Gap43","ALL","SpNT_24",3470,0.436905790838375,15.7422255778719,0.245996441281139,9.82509456794835,0.828684782781744,0.680096319477821,1.50878110225956,"SpNT",24
"Gap43","ALL","SpNT_72",2913,0.669354838709677,23.7968927802302,0.245996441281139,9.82509456794835,1.44413377094627,1.2762300108351,2.72036378178137,"SpNT",72
"Gap43","ALL","SpNT_36",2775,0.495136887608069,16.7704407322643,0.245996441281139,9.82509456794835,1.00918998892091,0.771377405165338,1.78056739408625,"SpNT",36
"Gap43","ALL","ScNT_12",3168,0.293625749447775,10.2942389749399,0.245996441281139,9.82509456794835,0.255341045663137,0.06729398069787,0.322635026361007,"ScNT",12
"Gap43","ALL","Crush_168",19121,0.554466060035561,16.1320857891483,0.245996441281139,9.82509456794835,1.17246170797101,0.71538978431625,1.88785149228726,"Crush",168
"Gap43","ALL","Paclitaxel_168",2966,0.347994607347489,10.526295103872,0.245996441281139,9.82509456794835,0.50042750481276,0.0994545476565963,0.599882052469356,"Paclitaxel",168
"Gap43","ALL","Crush_1440",9787,0.260676338373519,10.4186911132176,0.245996441281139,9.82509456794835,0.0836221902913707,0.084630846377273,0.168253036668644,"Crush",1440
"Gap43","ALL","ScNT_72",2397,0.461009174311927,15.2901565962422,0.245996441281139,9.82509456794835,0.906158016388221,0.638059983636127,1.54421800002435,"ScNT",72
"Gap43","ALL","Crush_672",13242,0.39798384051952,11.9870439278218,0.245996441281139,9.82509456794835,0.694072408793301,0.286932727236849,0.98100513603015,"Crush",672
"Gap43","ALL","SpNT_48",2685,0.558637379002234,21.6897057931126,0.245996441281139,9.82509456794835,1.18327466415707,1.14246728521603,2.3257419493731,"SpNT",48
"Gap43","ALL","Crush_336",12074,0.385383022774327,12.0621713162503,0.245996441281139,9.82509456794835,0.64765557328472,0.295946432024601,0.943602005309321,"Crush",336
"Gfap","ALL","ScNT_1440",2678,0.00354609929078014,6.66386305891979,0.00169039145907473,8.0560920934603,1.06887554926591,-0.273721421743283,0.795154127522626,"ScNT",1440
"Gfap","ALL","SpNT_6",2703,0.00832100591715976,11.663753170362,0.00169039145907473,8.0560920934603,2.29940056171219,0.533880013864518,2.83328057557671,"SpNT",6
"Gfap","ALL","Crush_672",13242,0.00260514989050819,9.05475883813911,0.00169039145907473,8.0560920934603,0.624008999130863,0.168596041708497,0.79260504083936,"Crush",672
"Gfap","ALL","ScNT_24",873,0.0040045766590389,9.70142626059943,0.00169039145907473,8.0560920934603,1.24429235422171,0.26811668585836,1.51240904008007,"ScNT",24
"Gfap","ALL","SpNT_12",2633,0.00550493545937737,8.1063439146356,0.00169039145907473,8.0560920934603,1.70336826653576,0.0089712079023523,1.71233947443811,"SpNT",12
"Gfap","ALL","ScNT_168",5912,0.00211398613225097,8.11920750044678,0.00169039145907473,8.0560920934603,0.322608529674786,0.0112587400633507,0.333867269738136,"ScNT",168
"Gfap","ALL","ScNT_12",3168,0.00646891763963395,7.51370578423451,0.00169039145907473,8.0560920934603,1.93616696190055,-0.100555550479892,1.83561141142066,"ScNT",12
"Gfap","ALL","Crush_1440",9787,0.00229873314262362,6.40392006786392,0.00169039145907473,8.0560920934603,0.443481611914988,-0.331124875044738,0.11235673687025,"Crush",1440
"Gfap","ALL","SpNT_168",1707,0.00556206088992974,6.81738656632878,0.00169039145907473,8.0560920934603,1.7182621554878,-0.240861385139134,1.47740077034866,"SpNT",168
"Gfap","ALL","Crush_168",19121,0.00258864135550675,6.65750849226692,0.00169039145907473,8.0560920934603,0.614837717245303,-0.275097811923112,0.339739905322191,"Crush",168
"Gfap","ALL","Naive_0",16859,0.00169039145907473,8.0560920934603,0.00169039145907473,8.0560920934603,0,0,0,"Naive",0
"Gfap","ALL","Crush_2160",4412,0.00464536596419669,7.41579840458603,0.00169039145907473,8.0560920934603,1.4584348743068,-0.119478150222709,1.33895672408409,"Crush",2160
"Gfap","ALL","CFA_48",1685,0.00622775800711744,5.43132332822717,0.00169039145907473,8.0560920934603,1.88135550350138,-0.568776425785015,1.31257907771637,"CFA",48
"Gfap","ALL","ScNT_6",1209,0.00454545454545455,5.8812003568742,0.00169039145907473,8.0560920934603,1.42706718814004,-0.453969535526008,0.973097652614035,"ScNT",6
"Gfap","ALL","Crush_24",5009,0.00389221556886228,6.06948512864733,0.00169039145907473,8.0560920934603,1.20323423244438,-0.408506037069828,0.794728195374553,"Crush",24
"Gfap","ALL","Crush_336",12074,0.00260869565217391,6.78694771156662,0.00169039145907473,8.0560920934603,0.625971256554122,-0.247317277386207,0.378653979167915,"Crush",336
"Gfap","ALL","Crush_72",14329,0.00366364270760642,7.35901680527216,0.00169039145907473,8.0560920934603,1.11592143018132,-0.130567146448708,0.985354283732609,"Crush",72
"Gfap","ALL","ScNT_72",2397,0.00562969140950792,6.09805895490961,0.00169039145907473,8.0560920934603,1.73569846041395,-0.401730077526204,1.33396838288774,"ScNT",72
"Gfap","ALL","Crush_6",4046,0.00358290091425747,6.73803110966118,0.00169039145907473,8.0560920934603,1.08377076312285,-0.257753086216155,0.826017676906696,"Crush",6
"Gfap","ALL","SpNT_36",2775,0.00522334293948127,8.10933378357748,0.00169039145907473,8.0560920934603,1.62761604421401,0.00950322009752744,1.63711926431154,"SpNT",36
"Gfap","ALL","SpNT_72",2913,0.00428963623884695,4.73810702186687,0.00169039145907473,8.0560920934603,1.34349792937492,-0.765769389868732,0.577728539506184,"SpNT",72
"Gfap","ALL","ScNT_672",2440,0.00348217943465793,11.5359035657594,0.00169039145907473,8.0560920934603,1.04263316313389,0.517978928787177,1.56061209192107,"ScNT",672
"Gfap","ALL","Paclitaxel_168",2966,0.000505561172901921,2.93535069547047,0.00169039145907473,8.0560920934603,-1.74139980909441,-1.45654729875806,-3.19794710785247,"Paclitaxel",168
"Gfap","ALL","SpNT_24",3470,0.00331316623451455,12.1506345604431,0.00169039145907473,8.0560920934603,0.97085320789307,0.592879579018005,1.56373278691107,"SpNT",24
"Gfap","ALL","SpNT_48",2685,0.00800446760982874,7.66275738247154,0.00169039145907473,8.0560920934603,2.24344806693936,-0.0722165477050613,2.1712315192343,"SpNT",48
"Il2ra","ALL","Crush_672",13242,0.0032847542097712,6.00385742926662,0.00352906287069988,4.23642471492812,-0.103499710941779,0.503042487070571,0.399542776128791,"Crush",672
"Il2ra","ALL","ScNT_72",2397,0.00396163469557965,5.54871358326727,0.00352906287069988,4.23642471492812,0.166810722550863,0.389306103732199,0.556116826283062,"ScNT",72
"Il2ra","ALL","ScNT_6",1209,0.00371900826446281,4.42602999984679,0.00352906287069988,4.23642471492812,0.0756328218018564,0.0631659985242192,0.138798820326076,"ScNT",6
"Il2ra","ALL","Crush_72",14329,0.00310537334263782,6.27416399221369,0.00352906287069988,4.23642471492812,-0.184518405661609,0.566576007098874,0.382057601437264,"Crush",72
"Il2ra","ALL","SpNT_72",2913,0.00428963623884695,4.81842433522221,0.00352906287069988,4.23642471492812,0.281570180231713,0.185714219009354,0.467284399241067,"SpNT",72
"Il2ra","ALL","Crush_336",12074,0.00277432712215321,5.28388167567118,0.00352906287069988,4.23642471492812,-0.347147225631224,0.318750928725227,-0.0283962969059977,"Crush",336
"Il2ra","ALL","SpNT_12",2633,0.00550493545937737,2.79924356769007,0.00352906287069988,4.23642471492812,0.641440517392559,-0.597810207198658,0.0436303101939008,"SpNT",12
"Il2ra","ALL","Crush_6",4046,0.00531257721769212,3.64542662129382,0.00352906287069988,4.23642471492812,0.590126773554175,-0.216759569452788,0.373367204101387,"Crush",6
"Il2ra","ALL","ScNT_1440",2678,0.00391937290033595,4.0777746877669,0.00352906287069988,4.23642471492812,0.151337709457882,-0.0550651680205554,0.096272541437327,"ScNT",1440
"Il2ra","ALL","SpNT_36",2775,0.00594380403458213,4.8048199761157,0.00352906287069988,4.23642471492812,0.752101419301694,0.181635146742757,0.933736566044451,"SpNT",36
"Il2ra","ALL","Crush_1440",9787,0.00352472415202289,6.06185832714467,0.00352906287069988,4.23642471492812,-0.0017747767797196,0.516912903708272,0.515138126928553,"Crush",1440
"Il2ra","ALL","SpNT_48",2685,0.00539836187639613,4.49398073675375,0.00352906287069988,4.23642471492812,0.613236558221631,0.085146709178626,0.698383267400257,"SpNT",48
"Il2ra","ALL","Naive_0",16859,0.00352906287069988,4.23642471492812,0.00352906287069988,4.23642471492812,0,0,0,"Naive",0
"Il2ra","ALL","Crush_2160",4412,0.00487196918196238,4.05426786630698,0.00352906287069988,4.23642471492812,0.465219875247613,-0.0634058201948639,0.401814055052749,"Crush",2160
"Il2ra","ALL","Crush_24",5009,0.00389221556886228,5.26663067575291,0.00352906287069988,4.23642471492812,0.141306483301179,0.314033062259055,0.455339545560234,"Crush",24
"Il2ra","ALL","SpNT_168",1707,0.00731850117096019,6.68413611147985,0.00352906287069988,4.23642471492812,1.05226308267574,0.657893880513794,1.71015696318953,"SpNT",168
"Il2ra","ALL","ScNT_168",5912,0.00414341281921191,8.24152867928573,0.00352906287069988,4.23642471492812,0.231534434872067,0.960064729098107,1.19159916397017,"ScNT",168
"Il2ra","ALL","ScNT_24",873,0.0085812356979405,4.03025096352644,0.00352906287069988,4.23642471492812,1.28190027862942,-0.0719775532064163,1.20992272542301,"ScNT",24
"Il2ra","ALL","Paclitaxel_168",2966,0.00387596899224806,4.58233823908351,0.00352906287069988,4.23642471492812,0.135271897098247,0.113236721846115,0.248508618944361,"Paclitaxel",168
"Il2ra","ALL","SpNT_6",2703,0.00499260355029586,2.81249564560691,0.00352906287069988,4.23642471492812,0.500507218402785,-0.590996368598915,-0.0904891501961296,"SpNT",6
"Il2ra","ALL","ScNT_12",3168,0.00299779110129378,3.68176411884692,0.00352906287069988,4.23642471492812,-0.235385278417147,-0.202450031415386,-0.437835309832533,"ScNT",12
"Il2ra","ALL","ScNT_672",2440,0.00512085210979107,2.80952618112419,0.00352906287069988,4.23642471492812,0.537098762515072,-0.592520386901845,-0.0554216243867728,"ScNT",672
"Il2ra","ALL","Crush_168",19121,0.00358226126974166,5.06003356600049,0.00352906287069988,4.23642471492812,0.0215854309830186,0.256299723840185,0.277885154823203,"Crush",168
"Il2ra","ALL","SpNT_24",3470,0.00388936905790838,2.88894116685205,0.00352906287069988,4.23642471492812,0.140251004856324,-0.552306407518505,-0.412055402662182,"SpNT",24
"Il2ra","ALL","CFA_48",1685,0.00504151838671412,6.52725631454811,0.00352906287069988,4.23642471492812,0.514573172829758,0.62362946135478,1.13820263418454,"CFA",48
"Itga7","ALL","Crush_24",5009,0.427045908183633,11.7624906971713,0.177253855278766,6.80318882546906,1.26857416394476,0.789910544534667,2.05848470847942,"Crush",24
"Itga7","ALL","Crush_1440",9787,0.214497343686146,7.79883460929868,0.177253855278766,6.80318882546906,0.275142775159467,0.197047423859701,0.472190199019168,"Crush",1440
"Itga7","ALL","Naive_0",16859,0.177253855278766,6.80318882546906,0.177253855278766,6.80318882546906,0,0,0,"Naive",0
"Itga7","ALL","ScNT_168",5912,0.34677828513445,11.8042121930992,0.177253855278766,6.80318882546906,0.968196554966414,0.795018722665259,1.76321527763167,"ScNT",168
"Itga7","ALL","SpNT_12",2633,0.436028853454822,9.11813556560352,0.177253855278766,6.80318882546906,1.29860659952525,0.422527726608469,1.72113432613372,"SpNT",12
"Itga7","ALL","ScNT_12",3168,0.299621331650363,7.53850595510694,0.177253855278766,6.80318882546906,0.757323334171103,0.148067494019199,0.905390828190302,"ScNT",12
"Itga7","ALL","ScNT_72",2397,0.430984153461218,14.6339634211541,0.177253855278766,6.80318882546906,1.28181781841506,1.10503752042504,2.38685533884011,"ScNT",72
"Itga7","ALL","Paclitaxel_168",2966,0.221604314122009,5.31116308701553,0.177253855278766,6.80318882546906,0.322168961103237,-0.357183302126702,-0.035014341023465,"Paclitaxel",168
"Itga7","ALL","ScNT_1440",2678,0.21444568868981,8.85629107282483,0.177253855278766,6.80318882546906,0.274795305207574,0.380491506538767,0.655286811746341,"ScNT",1440
"Itga7","ALL","SpNT_168",1707,0.536007025761124,15.4744867544913,0.177253855278766,6.80318882546906,1.59643490458069,1.18560852266025,2.78204342724093,"SpNT",168
"Itga7","ALL","ScNT_672",2440,0.332855387136419,7.43656125555251,0.177253855278766,6.80318882546906,0.909078511425864,0.128424525811667,1.03750303723753,"ScNT",672
"Itga7","ALL","Crush_672",13242,0.2930227289889,8.5281560511962,0.177253855278766,6.80318882546906,0.725195568497728,0.326022704984637,1.05121827348237,"Crush",672
"Itga7","ALL","Crush_72",14329,0.432065596650384,12.8014704707628,0.177253855278766,6.80318882546906,1.28543335400239,0.912026500867092,2.19745985486949,"Crush",72
"Itga7","ALL","Crush_168",19121,0.426289091099257,11.9310361784494,0.177253855278766,6.80318882546906,1.2660151301733,0.810436305256463,2.07645143542976,"Crush",168
"Itga7","ALL","SpNT_48",2685,0.64054355919583,15.3551512985682,0.177253855278766,6.80318882546906,1.85347967571338,1.1744396902511,3.02791936596448,"SpNT",48
"Itga7","ALL","ScNT_6",1209,0.256611570247934,7.21342283320538,0.177253855278766,6.80318882546906,0.533769214462364,0.0844728612515483,0.618242075713912,"ScNT",6
"Itga7","ALL","ScNT_24",873,0.431922196796339,10.5528883351449,0.177253855278766,6.80318882546906,1.28495445311568,0.633354882518761,1.91830933563444,"ScNT",24
"Itga7","ALL","Crush_2160",4412,0.258214366644006,7.32448798887815,0.177253855278766,6.80318882546906,0.54275226569315,0.106516780588348,0.649269046281498,"Crush",2160
"Itga7","ALL","SpNT_72",2913,0.67656142759094,15.9691954183138,0.177253855278766,6.80318882546906,1.93240392144714,1.23100858935236,3.16341251079951,"SpNT",72
"Itga7","ALL","Crush_336",12074,0.292795031055901,8.92086790586867,0.177253855278766,6.80318882546906,0.724074063764665,0.390972943611041,1.11504700737571,"Crush",336
"Itga7","ALL","SpNT_24",3470,0.641745894554883,15.0373001059496,0.177253855278766,6.80318882546906,1.85618515498448,1.14426252206727,3.00044767705174,"SpNT",24
"Itga7","ALL","CFA_48",1685,0.229240806642942,7.7469037406053,0.177253855278766,6.80318882546906,0.371046871386605,0.187408681237186,0.558455552623791,"CFA",48
"Itga7","ALL","SpNT_6",2703,0.260909763313609,8.00476951688811,0.177253855278766,6.80318882546906,0.557733924718919,0.234648731205057,0.792382655923976,"SpNT",6
"Itga7","ALL","Crush_6",4046,0.225475660983445,7.51637313352795,0.177253855278766,6.80318882546906,0.347154703389157,0.143825555608505,0.490980258997662,"Crush",6
"Itga7","ALL","SpNT_36",2775,0.644272334293948,16.106268268177,0.177253855278766,6.80318882546906,1.8618536388208,1.24333923102319,3.10519286984399,"SpNT",36
"Jun","ALL","SpNT_72",2913,0.557824296499657,10.1165440533789,0.206731909845789,7.68214826208717,1.43204968217044,0.397134817660608,1.82918449983104,"SpNT",72
"Jun","ALL","ScNT_12",3168,0.425844114862733,9.99635391065123,0.206731909845789,7.68214826208717,1.04256432062921,0.379892171947863,1.42245649257707,"ScNT",12
"Jun","ALL","Paclitaxel_168",2966,0.24216380182002,6.85918696663464,0.206731909845789,7.68214826208717,0.228222138521661,-0.163472226560143,0.0647499119615182,"Paclitaxel",168
"Jun","ALL","Crush_72",14329,0.385868806699232,10.703982686746,0.206731909845789,7.68214826208717,0.900349331030163,0.478565974962802,1.37891530599296,"Crush",72
"Jun","ALL","ScNT_72",2397,0.344662218515429,9.16505553487622,0.206731909845789,7.68214826208717,0.737422069422682,0.254633815161546,0.992055884584228,"ScNT",72
"Jun","ALL","Naive_0",16859,0.206731909845789,7.68214826208717,0.206731909845789,7.68214826208717,0,0,0,"Naive",0
"Jun","ALL","Crush_2160",4412,0.270677543621119,7.97628171629892,0.206731909845789,7.68214826208717,0.388814110024938,0.0542065580265057,0.443020668051443,"Crush",2160
"Jun","ALL","SpNT_6",2703,0.424741124260355,10.3421726858002,0.206731909845789,7.68214826208717,1.03882270864033,0.428957586537971,1.4677802951783,"SpNT",6
"Jun","ALL","SpNT_12",2633,0.613325740318907,12.0211681657741,0.206731909845789,7.68214826208717,1.56889240855344,0.64599538517203,2.21488779372547,"SpNT",12
"Jun","ALL","ScNT_672",2440,0.369315854158132,8.69411165031692,0.206731909845789,7.68214826208717,0.83709410519578,0.178528815395207,1.01562292059099,"ScNT",672
"Jun","ALL","ScNT_168",5912,0.312278031456114,10.4594124209483,0.206731909845789,7.68214826208717,0.595069988985563,0.445220094862733,1.0402900838483,"ScNT",168
"Jun","ALL","Crush_24",5009,0.439820359281437,11.6031810650405,0.206731909845789,7.68214826208717,1.08915329673946,0.594938668378106,1.68409196511756,"Crush",24
"Jun","ALL","SpNT_24",3470,0.632238547968885,12.2212847082709,0.206731909845789,7.68214826208717,1.61270790857559,0.669814237405489,2.28252214598108,"SpNT",24
"Jun","ALL","SpNT_48",2685,0.547096053611318,10.5935890581531,0.206731909845789,7.68214826208717,1.40403305776848,0.463609737811057,1.86764279557954,"SpNT",48
"Jun","ALL","ScNT_6",1209,0.297933884297521,8.13694072161993,0.206731909845789,7.68214826208717,0.527231120623457,0.0829766730489037,0.610207793672361,"ScNT",6
"Jun","ALL","Crush_1440",9787,0.229515733551287,8.11186885344601,0.206731909845789,7.68214826208717,0.150831963988641,0.0785245206103983,0.229356484599039,"Crush",1440
"Jun","ALL","SpNT_168",1707,0.467505854800937,11.5675066241178,0.206731909845789,7.68214826208717,1.17722334133533,0.590496212430005,1.76771955376534,"SpNT",168
"Jun","ALL","ScNT_1440",2678,0.258118701007839,9.61486196440796,0.206731909845789,7.68214826208717,0.320273578852707,0.323756338170298,0.644029917023004,"ScNT",1440
"Jun","ALL","ScNT_24",873,0.447940503432494,8.35275351916659,0.206731909845789,7.68214826208717,1.11554603133503,0.120742058763176,1.23628809009821,"ScNT",24
"Jun","ALL","Crush_6",4046,0.299851742031134,9.13446224273397,0.206731909845789,7.68214826208717,0.536488263026302,0.249809990565237,0.786298253591539,"Crush",6
"Jun","ALL","Crush_168",19121,0.387119548164418,9.74905684375871,0.206731909845789,7.68214826208717,0.905018069110499,0.343752846969761,1.24877091608026,"Crush",168
"Jun","ALL","CFA_48",1685,0.223309608540925,8.47874527673021,0.206731909845789,7.68214826208717,0.111284237274438,0.142340976495212,0.25362521376965,"CFA",48
"Jun","ALL","SpNT_36",2775,0.544488472622478,11.0166000743576,0.206731909845789,7.68214826208717,1.39714041459404,0.520097337713642,1.91723775230768,"SpNT",36
"Jun","ALL","Crush_672",13242,0.317866042437514,9.07969497412447,0.206731909845789,7.68214826208717,0.620657810557078,0.241134024501269,0.861791835058348,"Crush",672
"Jun","ALL","Crush_336",12074,0.316894409937888,9.57368215880878,0.206731909845789,7.68214826208717,0.616241119257723,0.317564102621086,0.933805221878809,"Crush",336
"Lamb3","ALL","SpNT_72",2913,0.0571379547014413,3.88518763764181,0.040005931198102,4.53395243204456,0.514235487887927,-0.222784978922454,0.291450508965473,"SpNT",72
"Lamb3","ALL","Crush_2160",4412,0.0318377520960798,3.70399323641069,0.040005931198102,4.53395243204456,-0.329475428873883,-0.291687790923771,-0.621163219797654,"Crush",2160
"Lamb3","ALL","Crush_72",14329,0.0143405443126308,4.03577933001974,0.040005931198102,4.53395243204456,-1.48011412258665,-0.167921962789329,-1.64803608537598,"Crush",72
"Lamb3","ALL","Naive_0",16859,0.040005931198102,4.53395243204456,0.040005931198102,4.53395243204456,0,0,0,"Naive",0
"Lamb3","ALL","ScNT_1440",2678,0.0244494214259052,4.79691756199988,0.040005931198102,4.53395243204456,-0.710413581423752,0.0813383910192371,-0.629075190404515,"ScNT",1440
"Lamb3","ALL","ScNT_24",873,0.0623569794050343,5.64013279641862,0.040005931198102,4.53395243204456,0.640337138157505,0.314959876023598,0.955297014181103,"ScNT",24
"Lamb3","ALL","ScNT_168",5912,0.0350921697953661,5.09484946728932,0.040005931198102,4.53395243204456,-0.189064752649178,0.168270265946326,-0.0207944867028516,"ScNT",168
"Lamb3","ALL","SpNT_24",3470,0.0315471045808124,3.05005284464329,0.040005931198102,4.53395243204456,-0.342706307346296,-0.571935016369502,-0.914641323715798,"SpNT",24
"Lamb3","ALL","Paclitaxel_168",2966,0.0247724974721941,3.01919861131861,0.040005931198102,4.53395243204456,-0.691474583762725,-0.586603590642053,-1.27807817440478,"Paclitaxel",168
"Lamb3","ALL","SpNT_48",2685,0.0444899478778853,2.95365822261654,0.040005931198102,4.53395243204456,0.153265501434483,-0.618266358292274,-0.465000856857791,"SpNT",48
"Lamb3","ALL","ScNT_6",1209,0.090495867768595,4.87090556342561,0.040005931198102,4.53395243204456,1.17763801032039,0.10342075751364,1.28105876783403,"ScNT",6
"Lamb3","ALL","SpNT_168",1707,0.0687939110070258,5.07140862137059,0.040005931198102,4.53395243204456,0.782066969825686,0.161617267016463,0.943684236842149,"SpNT",168
"Lamb3","ALL","Crush_672",13242,0.01506456241033,4.08226296332777,0.040005931198102,4.53395243204456,-1.40905514020849,-0.151400137019651,-1.56045527722814,"Crush",672
"Lamb3","ALL","Crush_1440",9787,0.0243665713118104,4.11686655679968,0.040005931198102,4.53395243204456,-0.715310647192701,-0.139222568905462,-0.854533216098163,"Crush",1440
"Lamb3","ALL","SpNT_6",2703,0.0686020710059172,4.75659381865256,0.040005931198102,4.53395243204456,0.778038223219796,0.0691595789128738,0.84719780213267,"SpNT",6
"Lamb3","ALL","Crush_336",12074,0.0142028985507246,4.28745988554658,0.040005931198102,4.53395243204456,-1.49402851955651,-0.0806460819606845,-1.57467460151719,"Crush",336
"Lamb3","ALL","ScNT_12",3168,0.0582202587567056,5.54858720160574,0.040005931198102,4.53395243204456,0.54130734455934,0.291351219633766,0.832658564193105,"ScNT",12
"Lamb3","ALL","SpNT_12",2633,0.056378132118451,3.87466161222322,0.040005931198102,4.53395243204456,0.494921773425428,-0.226698934850404,0.268222838575024,"SpNT",12
"Lamb3","ALL","Crush_168",19121,0.0191141094027821,3.52672865170126,0.040005931198102,4.53395243204456,-1.06557592566539,-0.362438676782194,-1.42801460244759,"Crush",168
"Lamb3","ALL","Crush_24",5009,0.0260479041916168,3.49768069837746,0.040005931198102,4.53395243204456,-0.619046608631509,-0.37437066280475,-0.993417271436259,"Crush",24
"Lamb3","ALL","ScNT_72",2397,0.0444120100083403,5.01438789027929,0.040005931198102,4.53395243204456,0.150735959692792,0.145304345701164,0.296040305393955,"ScNT",72
"Lamb3","ALL","SpNT_36",2775,0.0376440922190202,2.8819416190578,0.040005931198102,4.53395243204456,-0.087790437616201,-0.653728144716193,-0.741518582332394,"SpNT",36
"Lamb3","ALL","Crush_6",4046,0.051025450951322,3.92242486092871,0.040005931198102,4.53395243204456,0.351003120631199,-0.209023444338096,0.141979676293102,"Crush",6
"Lamb3","ALL","ScNT_672",2440,0.0571487095452683,4.58244773256188,0.040005931198102,4.53395243204456,0.514507014929211,0.0153491703418575,0.529856185271068,"ScNT",672
"Lamb3","ALL","CFA_48",1685,0.0388493475682088,2.39756414192294,0.040005931198102,4.53395243204456,-0.042323536523455,-0.919199843011534,-0.961523379534989,"CFA",48
"Mchr1","ALL","SpNT_6",2703,0.0186760355029586,6.65042155583991,0.00554567022538553,6.24126384000523,1.75175450241142,0.0916075920951557,1.84336209450657,"SpNT",6
"Mchr1","ALL","SpNT_36",2775,0.0243155619596542,4.40740306527222,0.00554567022538553,6.24126384000523,2.13244620041438,-0.501909360921224,1.63053683949315,"SpNT",36
"Mchr1","ALL","SpNT_12",2633,0.0203113135914958,4.87151033179373,0.00554567022538553,6.24126384000523,1.87284981208644,-0.357469075167296,1.51538073691914,"SpNT",12
"Mchr1","ALL","Crush_168",19121,0.015819474950319,4.92667386777566,0.00554567022538553,6.24126384000523,1.51226798360476,-0.341224228358184,1.17104375524657,"Crush",168
"Mchr1","ALL","Crush_672",13242,0.0121951219512195,5.49140860548109,0.00554567022538553,6.24126384000523,1.13687045132372,-0.184661937210088,0.952208514113636,"Crush",672
"Mchr1","ALL","Crush_2160",4412,0.00759120779515069,6.44001182485562,0.00554567022538553,6.24126384000523,0.452967614423594,0.0452251366172927,0.498192751040887,"Crush",2160
"Mchr1","ALL","Crush_24",5009,0.0236526946107784,6.05983351942555,0.00554567022538553,6.24126384000523,2.0925708167575,-0.0425600413607173,2.05001077539678,"Crush",24
"Mchr1","ALL","SpNT_72",2913,0.0176733013040494,5.15594255889462,0.00554567022538553,6.24126384000523,1.67213782106051,-0.275602009662189,1.39653581139832,"SpNT",72
"Mchr1","ALL","ScNT_1440",2678,0.0080253826054498,5.34916460829634,0.00554567022538553,6.24126384000523,0.533208344801527,-0.222524600731131,0.310683744070396,"ScNT",1440
"Mchr1","ALL","SpNT_168",1707,0.0131733021077283,3.94932898399661,0.00554567022538553,6.24126384000523,1.24818329265099,-0.660230649647694,0.587952643003298,"SpNT",168
"Mchr1","ALL","Crush_1440",9787,0.00863302002451982,6.86398152948538,0.00554567022538553,6.24126384000523,0.638503506144603,0.137207469911158,0.775710976055761,"Crush",1440
"Mchr1","ALL","Crush_336",12074,0.0112215320910973,6.26200444426671,0.00554567022538553,6.24126384000523,1.01683592868518,0.00478633164997646,1.02162226033516,"Crush",336
"Mchr1","ALL","CFA_48",1685,0.00504151838671412,5.76006044632174,0.00554567022538553,6.24126384000523,-0.137503523749935,-0.115754249285029,-0.253257773034964,"CFA",48
"Mchr1","ALL","ScNT_672",2440,0.0129045473166735,3.06672404006051,0.00554567022538553,6.24126384000523,1.21844579966057,-1.02513984956886,0.193305950091707,"ScNT",672
"Mchr1","ALL","Paclitaxel_168",2966,0.00556117290192113,3.81820708141871,0.00554567022538553,6.24126384000523,0.00402736381999428,-0.708942850944655,-0.70491548712466,"Paclitaxel",168
"Mchr1","ALL","Naive_0",16859,0.00554567022538553,6.24126384000523,0.00554567022538553,6.24126384000523,0,0,0,"Naive",0
"Mchr1","ALL","SpNT_48",2685,0.0210349962769918,4.72615323255572,0.00554567022538553,6.24126384000523,1.92335782892955,-0.401171795236033,1.52218603369352,"SpNT",48
"Mchr1","ALL","Crush_72",14329,0.0150383810188416,5.49771435831316,0.00554567022538553,6.24126384000523,1.4392155258814,-0.183006249241477,1.25620927663992,"Crush",72
"Mchr1","ALL","ScNT_72",2397,0.0110508757297748,5.25107251067471,0.00554567022538553,6.24126384000523,0.994726967090783,-0.249226083136946,0.745500883953838,"ScNT",72
"Mchr1","ALL","ScNT_168",5912,0.00837138508371385,7.03025203194453,0.00554567022538553,6.24126384000523,0.594104514256776,0.17173820957467,0.765842723831446,"ScNT",168
"Mchr1","ALL","ScNT_24",873,0.0062929061784897,6.54624989826559,0.00554567022538553,6.24126384000523,0.182364605078507,0.0688304765181076,0.251195081596614,"ScNT",24
"Mchr1","ALL","Crush_6",4046,0.0109957993575488,7.31551095930814,0.00554567022538553,6.24126384000523,0.987518753238782,0.229120433650611,1.21663918688939,"Crush",6
"Mchr1","ALL","ScNT_6",1209,0.00867768595041322,5.14501025395977,0.00554567022538553,6.24126384000523,0.645948546558611,-0.278664248335265,0.367284298223347,"ScNT",6
"Mchr1","ALL","SpNT_24",3470,0.0289541918755402,5.39851585690298,0.00554567022538553,6.24126384000523,2.38433849729209,-0.209275360159749,2.17506313713234,"SpNT",24
"Mchr1","ALL","ScNT_12",3168,0.0096244872199432,6.85354173308995,0.00554567022538553,6.24126384000523,0.795347849122461,0.13501152752314,0.9303593766456,"ScNT",12
"Mlph","ALL","CFA_48",1685,0.00741399762752076,2.94861506044397,0.00483392645314354,4.30331523760799,0.617056130431009,-0.545411036293838,0.0716450941371716,"CFA",48
"Mlph","ALL","SpNT_6",2703,0.00610207100591716,4.65164349110526,0.00483392645314354,4.30331523760799,0.336103444674636,0.112292002552496,0.448395447227132,"SpNT",6
"Mlph","ALL","Crush_672",13242,0.00185003398021596,3.54039947852392,0.00483392645314354,4.30331523760799,-1.38564375359843,-0.281536373207021,-1.66718012680545,"Crush",672
"Mlph","ALL","Crush_168",19121,0.00258864135550675,3.98152943498424,0.00483392645314354,4.30331523760799,-0.901000422821033,-0.112125804859927,-1.01312622768096,"Crush",168
"Mlph","ALL","Crush_2160",4412,0.00237933378653977,2.44087786731591,0.00483392645314354,4.30331523760799,-1.02263784759886,-0.818048418503267,-1.84068626610213,"Crush",2160
"Mlph","ALL","Crush_24",5009,0.00289421157684631,5.01796363523241,0.00483392645314354,4.30331523760799,-0.740025131356632,0.221653487497337,-0.518371643859295,"Crush",24
"Mlph","ALL","SpNT_72",2913,0.00634866163349348,3.55322221403688,0.00483392645314354,4.30331523760799,0.393256965162804,-0.276320612376728,0.116936352786076,"SpNT",72
"Mlph","ALL","ScNT_6",1209,0.00289256198347107,2.72383278298188,0.00483392645314354,4.30331523760799,-0.740847648505986,-0.659810389665219,-1.40065803817121,"ScNT",6
"Mlph","ALL","Crush_336",12074,0.00302277432712215,5.45517401126438,0.00483392645314354,4.30331523760799,-0.677322248132114,0.342176688735,-0.335145559397114,"Crush",336
"Mlph","ALL","Crush_72",14329,0.00247732030704815,4.92736748974189,0.00483392645314354,4.30331523760799,-0.964415108046459,0.195368545617148,-0.769046562429311,"Crush",72
"Mlph","ALL","SpNT_168",1707,0.007903981264637,4.60226185786708,0.00483392645314354,4.30331523760799,0.709384004141345,0.0968945436534565,0.806278547794802,"SpNT",168
"Mlph","ALL","ScNT_72",2397,0.00604670558798999,4.34879883045031,0.00483392645314354,4.30331523760799,0.322953813311716,0.0151684450290381,0.338122258340754,"ScNT",72
"Mlph","ALL","Naive_0",16859,0.00483392645314354,4.30331523760799,0.00483392645314354,4.30331523760799,0,0,0,"Naive",0
"Mlph","ALL","Paclitaxel_168",2966,0.00657229524772497,3.82340419297374,0.00483392645314354,4.30331523760799,0.443201768980348,-0.17059080477596,0.272610964204388,"Paclitaxel",168
"Mlph","ALL","SpNT_36",2775,0.00846541786743516,2.43296055749302,0.00483392645314354,4.30331523760799,0.808385760697743,-0.822735596316841,-0.014349835619098,"SpNT",36
"Mlph","ALL","SpNT_12",2633,0.00550493545937737,2.8906470465008,0.00483392645314354,4.30331523760799,0.187530126469425,-0.574056064434287,-0.386525937964862,"SpNT",12
"Mlph","ALL","SpNT_48",2685,0.00949367088607595,3.83551623164834,0.00483392645314354,4.30331523760799,0.97377051414242,-0.166027761493322,0.807742752649098,"SpNT",48
"Mlph","ALL","ScNT_24",873,0.0017162471395881,4.92985641859115,0.00483392645314354,4.30331523760799,-1.49393820718108,0.196097100719001,-1.29784110646207,"ScNT",24
"Mlph","ALL","ScNT_168",5912,0.00211398613225097,4.38825413573557,0.00483392645314354,4.30331523760799,-1.19322961039155,0.0281985503593418,-1.16503106003221,"ScNT",168
"Mlph","ALL","Crush_1440",9787,0.0038312219043727,4.59732412905737,0.00483392645314354,4.30331523760799,-0.335390933985142,0.0953458571014268,-0.240045076883715,"Crush",1440
"Mlph","ALL","SpNT_24",3470,0.00446557188130222,2.01768170007425,0.00483392645314354,4.30331523760799,-0.114350577843404,-1.09274992855042,-1.20710050639382,"SpNT",24
"Mlph","ALL","Crush_6",4046,0.00580677044724487,5.39856921455061,0.00483392645314354,4.30331523760799,0.264540479606581,0.327128571564508,0.591669051171089,"Crush",6
"Mlph","ALL","ScNT_12",3168,0.00394446197538656,4.2561528652597,0.00483392645314354,4.30331523760799,-0.293366993009142,-0.0158985601595726,-0.309265553168715,"ScNT",12
"Mlph","ALL","ScNT_1440",2678,0.00615901455767077,6.28276079788349,0.00483392645314354,4.30331523760799,0.349504015114441,0.545950125534964,0.895454140649406,"ScNT",1440
"Mlph","ALL","ScNT_672",2440,0.00225317492830807,2.23615627167182,0.00483392645314354,4.30331523760799,-1.10123619954549,-0.944427515109648,-2.04566371465514,"ScNT",672
"Mmp12","ALL","ScNT_72",2397,0.0214762301918265,4.81452147699262,0.0222123368920522,3.74830106562882,-0.0486204088603117,0.361155577701358,0.312535168841047,"ScNT",72
"Mmp12","ALL","SpNT_168",1707,0.0272248243559719,7.23749140199909,0.0222123368920522,3.74830106562882,0.293561558858234,0.949252893488779,1.24281445234701,"SpNT",168
"Mmp12","ALL","CFA_48",1685,0.0400355871886121,2.85624497668872,0.0222123368920522,3.74830106562882,0.849921783479442,-0.392117112831705,0.457804670647737,"CFA",48
"Mmp12","ALL","ScNT_24",873,0.0314645308924485,2.96654714710311,0.0222123368920522,3.74830106562882,0.502365251394755,-0.33745212409989,0.164913127294865,"ScNT",24
"Mmp12","ALL","ScNT_672",2440,0.0194592380172061,4.06345383184616,0.0222123368920522,3.74830106562882,-0.190905964079512,0.116469667020145,-0.0744362970593674,"ScNT",672
"Mmp12","ALL","ScNT_12",3168,0.0175134111707163,4.69994712747389,0.0222123368920522,3.74830106562882,-0.342901070661434,0.326407691419066,-0.0164933792423682,"ScNT",12
"Mmp12","ALL","SpNT_24",3470,0.0119562085854221,2.76172493681134,0.0222123368920522,3.74830106562882,-0.893601211111028,-0.440667198984177,-1.33426841009521,"SpNT",24
"Mmp12","ALL","Crush_2160",4412,0.0148425107636528,4.64263241497673,0.0222123368920522,3.74830106562882,-0.581626023067842,0.308706222896385,-0.272919800171457,"Crush",2160
"Mmp12","ALL","Crush_168",19121,0.0126817278527351,3.84919718865615,0.0222123368920522,3.74830106562882,-0.808609860053826,0.0383207444464333,-0.770289115607392,"Crush",168
"Mmp12","ALL","Crush_336",12074,0.0109730848861284,5.0393020607887,0.0222123368920522,3.74830106562882,-1.01739201178924,0.426987099758256,-0.590404912030987,"Crush",336
"Mmp12","ALL","ScNT_6",1209,0.0136363636363636,2.33199197792623,0.0222123368920522,3.74830106562882,-0.70390220543281,-0.684674010057302,-1.38857621549011,"ScNT",6
"Mmp12","ALL","SpNT_6",2703,0.0242233727810651,3.45203820328843,0.0222123368920522,3.74830106562882,0.125038572625959,-0.118788404983701,0.00625016764225875,"SpNT",6
"Mmp12","ALL","ScNT_168",5912,0.00989345509893455,5.56153761446371,0.0222123368920522,3.74830106562882,-1.16681483481054,0.569246968466499,-0.597567866344045,"ScNT",168
"Mmp12","ALL","Naive_0",16859,0.0222123368920522,3.74830106562882,0.0222123368920522,3.74830106562882,0,0,0,"Naive",0
"Mmp12","ALL","SpNT_36",2775,0.0369236311239193,3.4769496779612,0.0222123368920522,3.74830106562882,0.733183254297879,-0.108414648689403,0.624768605608476,"SpNT",36
"Mmp12","ALL","Crush_24",5009,0.0126746506986028,3.72819785248865,0.0222123368920522,3.74830106562882,-0.809415193939711,-0.00775841102027322,-0.817173604959984,"Crush",24
"Mmp12","ALL","SpNT_72",2913,0.0272820864790666,6.96967523025113,0.0222123368920522,3.74830106562882,0.296592800590536,0.894854595894062,1.1914473964846,"SpNT",72
"Mmp12","ALL","Crush_6",4046,0.0189028910303929,3.5037702086828,0.0222123368920522,3.74830106562882,-0.232754283606078,-0.0973286754113364,-0.330082959017415,"Crush",6
"Mmp12","ALL","SpNT_12",2633,0.0130979498861048,3.63428784554392,0.0222123368920522,3.74830106562882,-0.762020166107652,-0.0445641462270556,-0.806584312334707,"SpNT",12
"Mmp12","ALL","Crush_1440",9787,0.0164997956681651,4.16558159620611,0.0222123368920522,3.74830106562882,-0.428913024014771,0.152281102219994,-0.276631921794777,"Crush",1440
"Mmp12","ALL","SpNT_48",2685,0.0422561429635145,3.37323522051056,0.0222123368920522,3.74830106562882,0.927799905234166,-0.152103912670277,0.77569599256389,"SpNT",48
"Mmp12","ALL","Paclitaxel_168",2966,0.0325244354566903,2.95275546758581,0.0222123368920522,3.74830106562882,0.550162833158507,-0.344174951076484,0.205987882082023,"Paclitaxel",168
"Mmp12","ALL","ScNT_1440",2678,0.0218365061590146,3.76099685985039,0.0222123368920522,3.74830106562882,-0.024619138888281,0.00487826611674202,-0.019740872771539,"ScNT",1440
"Mmp12","ALL","Crush_672",13242,0.0109869364947519,4.52230031535484,0.0222123368920522,3.74830106562882,-1.01557200903303,0.270819965543791,-0.744752043489241,"Crush",672
"Mmp12","ALL","Crush_72",14329,0.0117585484996511,5.22380130428159,0.0222123368920522,3.74830106562882,-0.917651200596956,0.478863186972207,-0.438788013624749,"Crush",72
"Mmp16","ALL","SpNT_168",1707,0.242096018735363,7.10852212945828,0.0438018979833926,3.82824034057584,2.46651406461544,0.892868246499587,3.35938231111503,"SpNT",168
"Mmp16","ALL","Crush_168",19121,0.142845936617509,6.16907391629159,0.0438018979833926,3.82824034057584,1.70539470826364,0.688372525944638,2.39376723420828,"Crush",168
"Mmp16","ALL","ScNT_72",2397,0.140325271059216,5.4831898410963,0.0438018979833926,3.82824034057584,1.67970955626075,0.518334017602664,2.19804357386341,"ScNT",72
"Mmp16","ALL","Crush_672",13242,0.0552367288378766,4.64659684006578,0.0438018979833926,3.82824034057584,0.334634499891134,0.279493069040675,0.614127568931809,"Crush",672
"Mmp16","ALL","SpNT_6",2703,0.0523298816568047,4.62836376976136,0.0438018979833926,3.82824034057584,0.256641611614353,0.273820852176346,0.530462463790699,"SpNT",6
"Mmp16","ALL","ScNT_24",873,0.0955377574370709,3.75293745025812,0.0438018979833926,3.82824034057584,1.12507762803811,-0.0286611612299825,1.09641646680813,"ScNT",24
"Mmp16","ALL","SpNT_48",2685,0.294303797468354,7.02187703471809,0.0438018979833926,3.82824034057584,2.74824086799558,0.875175325903671,3.62341619389926,"SpNT",48
"Mmp16","ALL","ScNT_168",5912,0.095636732623034,6.72472534196508,0.0438018979833926,3.82824034057584,1.12657145728983,0.812793938425934,1.93936539571577,"ScNT",168
"Mmp16","ALL","Crush_2160",4412,0.0404486743711761,4.35083210699495,0.0438018979833926,3.82824034057584,-0.114900962882231,0.18460993977345,0.0697089768912186,"Crush",2160
"Mmp16","ALL","CFA_48",1685,0.0459667852906287,2.71312939038739,0.0438018979833926,3.82824034057584,0.0695983893968105,-0.496723554386463,-0.427125164989652,"CFA",48
"Mmp16","ALL","Crush_24",5009,0.0787425149700599,5.50628753731062,0.0438018979833926,3.82824034057584,0.846149406995543,0.524398542730808,1.37054794972635,"Crush",24
"Mmp16","ALL","Crush_336",12074,0.0424430641821946,4.58882739649311,0.0438018979833926,3.82824034057584,-0.0454645691530341,0.261444136006434,0.2159795668534,"Crush",336
"Mmp16","ALL","SpNT_12",2633,0.10041761579347,4.11243358188525,0.0438018979833926,3.82824034057584,1.19694708692217,0.103310972263532,1.3002580591857,"SpNT",12
"Mmp16","ALL","SpNT_72",2913,0.352264927934111,6.92873629540449,0.0438018979833926,3.82824034057584,3.00759555510874,0.855910842520543,3.86350639762929,"SpNT",72
"Mmp16","ALL","ScNT_6",1209,0.0475206611570248,3.31271111725021,0.0438018979833926,3.82824034057584,0.117561523847074,-0.208669006785041,-0.0911074829379676,"ScNT",6
"Mmp16","ALL","ScNT_672",2440,0.107537894305612,4.43577419921815,0.0438018979833926,3.82824034057584,1.29577983783699,0.212504521290611,1.5082843591276,"ScNT",672
"Mmp16","ALL","SpNT_36",2775,0.203350144092219,5.51145453833271,0.0438018979833926,3.82824034057584,2.2149007232594,0.525751706971929,2.74065243023132,"SpNT",36
"Mmp16","ALL","Crush_1440",9787,0.0360134859011034,4.02624541045151,0.0438018979833926,3.82824034057584,-0.282456133728578,0.0727537046333463,-0.209702429095232,"Crush",1440
"Mmp16","ALL","ScNT_1440",2678,0.0367674505412467,4.6203213538764,0.0438018979833926,3.82824034057584,-0.252564241321347,0.271311791421566,0.0187475501002186,"ScNT",1440
"Mmp16","ALL","Crush_6",4046,0.0369409439090684,3.98242041497872,0.0438018979833926,3.82824034057584,-0.245772654406663,0.0569641246644284,-0.188808529742235,"Crush",6
"Mmp16","ALL","SpNT_24",3470,0.162057044079516,4.57106266349363,0.0438018979833926,3.82824034057584,1.88743644134041,0.25584819016732,2.14328463150773,"SpNT",24
"Mmp16","ALL","Naive_0",16859,0.0438018979833926,3.82824034057584,0.0438018979833926,3.82824034057584,0,0,0,"Naive",0
"Mmp16","ALL","Crush_72",14329,0.117829727843685,6.72789054434936,0.0438018979833926,3.82824034057584,1.42763827992262,0.813472828227898,2.24111110815052,"Crush",72
"Mmp16","ALL","ScNT_12",3168,0.0500157778479015,3.40731592669468,0.0438018979833926,3.82824034057584,0.191389890821829,-0.168045685962844,0.0233442048589853,"ScNT",12
"Mmp16","ALL","Paclitaxel_168",2966,0.0709470845972363,3.2755842123304,0.0438018979833926,3.82824034057584,0.695750016650785,-0.224929166941822,0.470820849708963,"Paclitaxel",168
"Nfil3","ALL","Crush_1440",9787,0.00720269718022068,4.04008378646893,0.00625741399762752,4.44977493123571,0.202970693441663,-0.139347153641542,0.0636235398001215,"Crush",1440
"Nfil3","ALL","Crush_672",13242,0.00796647285358302,4.83810967634831,0.00625741399762752,4.44977493123571,0.348374556517436,0.120711107826814,0.46908566434425,"Crush",672
"Nfil3","ALL","ScNT_1440",2678,0.00578574094811497,7.85118469764966,0.00625741399762752,4.44977493123571,-0.113064828333244,0.819177997951582,0.706113169618337,"ScNT",1440
"Nfil3","ALL","Crush_24",5009,0.0160678642714571,4.06007538101332,0.00625741399762752,4.44977493123571,1.36053971715431,-0.132225853362491,1.22831386379181,"Crush",24
"Nfil3","ALL","ScNT_168",5912,0.0146287840351767,5.63518823101113,0.00625741399762752,4.44977493123571,1.22517139299434,0.340731434556976,1.56590282755132,"ScNT",168
"Nfil3","ALL","Crush_6",4046,0.00605386706202125,4.4271152118829,0.00625741399762752,4.44977493123571,-0.0477095624319559,-0.00736544785785628,-0.0550750102898122,"Crush",6
"Nfil3","ALL","Crush_336",12074,0.00857142857142857,4.26532285380832,0.00625741399762752,4.44977493123571,0.453969116011087,-0.0610774195240739,0.392891696487013,"Crush",336
"Nfil3","ALL","Crush_72",14329,0.0165736217725052,5.0203729797782,0.00625741399762752,4.44977493123571,1.40525044119106,0.174062183962258,1.57931262515332,"Crush",72
"Nfil3","ALL","ScNT_12",3168,0.0156200694225308,3.83034260812954,0.00625741399762752,4.44977493123571,1.31976240281964,-0.216258925724919,1.10350347709472,"ScNT",12
"Nfil3","ALL","SpNT_12",2633,0.025626423690205,3.49220223067674,0.00625741399762752,4.44977493123571,2.03399369391658,-0.349595259967012,1.68439843394956,"SpNT",12
"Nfil3","ALL","Crush_168",19121,0.0205260955966949,4.09577741048268,0.00625741399762752,4.44977493123571,1.71382076640224,-0.119595054061997,1.59422571234024,"Crush",168
"Nfil3","ALL","Paclitaxel_168",2966,0.00926862150320189,3.691439787658,0.00625741399762752,4.44977493123571,0.566788229166652,-0.269548740270464,0.297239488896188,"Paclitaxel",168
"Nfil3","ALL","SpNT_24",3470,0.039902045520023,3.02054703906681,0.00625741399762752,4.44977493123571,2.6728242433428,-0.558922512804177,2.11390173053862,"SpNT",24
"Nfil3","ALL","SpNT_48",2685,0.0500744601638124,3.3148876168289,0.00625741399762752,4.44977493123571,3.00043650025144,-0.424772406571352,2.57566409368009,"SpNT",48
"Nfil3","ALL","ScNT_72",2397,0.0206422018348624,3.3684738320326,0.00625741399762752,4.44977493123571,1.72195840378765,-0.401637274883851,1.32032112890379,"ScNT",72
"Nfil3","ALL","ScNT_24",873,0.0337528604118993,2.13053743138447,0.00625741399762752,4.44977493123571,2.4313713069835,-1.06251496825615,1.36885633872735,"ScNT",24
"Nfil3","ALL","Naive_0",16859,0.00625741399762752,4.44977493123571,0.00625741399762752,4.44977493123571,0,0,0,"Naive",0
"Nfil3","ALL","SpNT_168",1707,0.0260538641686183,2.99815975107006,0.00625741399762752,4.44977493123571,2.05785889846817,-0.569655110172026,1.48820378829614,"SpNT",168
"Nfil3","ALL","ScNT_672",2440,0.0104465383039738,4.13840904717881,0.00625741399762752,4.44977493123571,0.739386489312601,-0.104656116081307,0.634730373231294,"ScNT",672
"Nfil3","ALL","Crush_2160",4412,0.00600498527079085,3.95457138458317,0.00625741399762752,4.44977493123571,-0.0594058502905275,-0.170211029723243,-0.22961688001377,"Crush",2160
"Nfil3","ALL","ScNT_6",1209,0.0136363636363636,3.80850484832797,0.00625741399762752,4.44977493123571,1.12382051431876,-0.224507634388482,0.899312879930274,"ScNT",6
"Nfil3","ALL","SpNT_6",2703,0.0138683431952663,4.99486613595183,0.00625741399762752,4.44977493123571,1.14815698133596,0.166713647150859,1.31487062848681,"SpNT",6
"Nfil3","ALL","SpNT_72",2913,0.0458133150308854,3.24359834227212,0.00625741399762752,4.44977493123571,2.8721284967453,-0.456137186306768,2.41599131043853,"SpNT",72
"Nfil3","ALL","CFA_48",1685,0.00741399762752076,2.92116822951576,0.00625741399762752,4.44977493123571,0.244685095954902,-0.607186921596229,-0.362501825641327,"CFA",48
"Nfil3","ALL","SpNT_36",2775,0.0502521613832853,3.59988321082101,0.00625741399762752,4.44977493123571,3.00554718637319,-0.305782263992231,2.69976492238096,"SpNT",36
"Ngf","ALL","ScNT_672",2440,0.00348217943465793,3.08728514638567,0.00222419928825623,8.10268567515863,0.646704486802749,-1.39206143702451,-0.745356950221761,"ScNT",672
"Ngf","ALL","ScNT_72",2397,0.0085487906588824,6.24435456212326,0.00222419928825623,8.10268567515863,1.94243428653742,-0.375847718017202,1.56658656852022,"ScNT",72
"Ngf","ALL","ScNT_1440",2678,0.00429264650989175,11.4703422018418,0.00222419928825623,8.10268567515863,0.948581315548198,0.501436352044592,1.45001766759279,"ScNT",1440
"Ngf","ALL","ScNT_24",873,0.0085812356979405,5.45629523318524,0.00222419928825623,8.10268567515863,1.94789935144148,-0.570478466790442,1.37742088465104,"ScNT",24
"Ngf","ALL","Crush_168",19121,0.0065631210124464,7.37707404207586,0.00222419928825623,8.10268567515863,1.56109597478533,-0.135351459913742,1.42574451487158,"Crush",168
"Ngf","ALL","SpNT_6",2703,0.0109097633136095,10.3084357934388,0.00222419928825623,8.10268567515863,2.29426183841322,0.347353353368017,2.64161519178124,"SpNT",6
"Ngf","ALL","Crush_6",4046,0.0033358042994811,5.91693455334032,0.00222419928825623,8.10268567515863,0.584748593827608,-0.453550237994327,0.131198355833282,"Crush",6
"Ngf","ALL","SpNT_12",2633,0.0077828397873956,8.93750344036265,0.00222419928825623,8.10268567515863,1.80701059969513,0.141471716467485,1.94848231616262,"SpNT",12
"Ngf","ALL","CFA_48",1685,0.00444839857651246,10.2112712183295,0.00222419928825623,8.10268567515863,1,0.333690400160266,1.33369040016027,"CFA",48
"Ngf","ALL","SpNT_24",3470,0.0151253241140882,8.83492374678453,0.00222419928825623,8.10268567515863,2.76560809317104,0.124817507439287,2.89042560061033,"SpNT",24
"Ngf","ALL","Crush_2160",4412,0.00396555631089961,7.11367861654574,0.00222419928825623,8.10268567515863,0.834237210302544,-0.187804378201174,0.64643283210137,"Crush",2160
"Ngf","ALL","ScNT_6",1209,0.00289256198347107,10.9280962425486,0.00222419928825623,8.10268567515863,0.379061815229211,0.431570013685825,0.810631828915035,"ScNT",6
"Ngf","ALL","ScNT_12",3168,0.00394446197538656,8.34209783703224,0.00222419928825623,8.10268567515863,0.826542470726055,0.0420100567553745,0.868552527481429,"ScNT",12
"Ngf","ALL","Crush_1440",9787,0.00526154474867184,10.4981452980583,0.00222419928825623,8.10268567515863,1.24220036643739,0.373662389442875,1.61586275588027,"Crush",1440
"Ngf","ALL","Naive_0",16859,0.00222419928825623,8.10268567515863,0.00222419928825623,8.10268567515863,0,0,0,"Naive",0
"Ngf","ALL","SpNT_168",1707,0.0137587822014052,4.25264033448478,0.00222419928825623,8.10268567515863,2.62899481739071,-0.930041330942785,1.69895348644793,"SpNT",168
"Ngf","ALL","SpNT_48",2685,0.0202903946388682,5.66028308385716,0.00222419928825623,8.10268567515863,3.18943896068305,-0.517525968276158,2.67191299240689,"SpNT",48
"Ngf","ALL","SpNT_36",2775,0.0185518731988473,6.33159475321924,0.00222419928825623,8.10268567515863,3.06020689993852,-0.355831255340072,2.70437564459845,"SpNT",36
"Ngf","ALL","Crush_24",5009,0.0062874251497006,8.036714828713,0.00222419928825623,8.10268567515863,1.49918326075091,-0.0117942848081118,1.4873889759428,"Crush",24
"Ngf","ALL","ScNT_168",5912,0.00549636394385253,10.0866196501801,0.00222419928825623,8.10268567515863,1.30519147659738,0.315970681285674,1.62116215788305,"ScNT",168
"Ngf","ALL","Crush_72",14329,0.00931612002791347,9.17129726441059,0.00222419928825623,8.10268567515863,2.06644316787161,0.178725639360085,2.24516880723169,"Crush",72
"Ngf","ALL","Paclitaxel_168",2966,0.00185372430064038,5.63998889332794,0.00222419928825623,8.10268567515863,-0.262859367509406,-0.522707854087638,-0.785567221597044,"Paclitaxel",168
"Ngf","ALL","SpNT_72",2913,0.0187028140013727,4.78587942876053,0.00222419928825623,8.10268567515863,3.07189738804598,-0.759616124312066,2.31228126373391,"SpNT",72
"Ngf","ALL","Crush_336",12074,0.00633540372670807,9.4491167001802,0.00222419928825623,8.10268567515863,1.51015049941572,0.221779297399825,1.73192979681554,"Crush",336
"Ngf","ALL","Crush_672",13242,0.00539907875858944,9.20102640139348,0.00222419928825623,8.10268567515863,1.27942720279994,0.183394631340616,1.46282183414056,"Crush",672
"Nkain1","ALL","Crush_72",14329,0.00324494068387997,4.07930837029665,0.00216488730723606,2.59050610257634,0.583900178907951,0.655090587792946,1.2389907667009,"Crush",72
"Nkain1","ALL","ScNT_1440",2678,0.00391937290033595,5.51993464924654,0.00216488730723606,2.59050610257634,0.856330913885809,1.09141720475721,1.94774811864302,"ScNT",1440
"Nkain1","ALL","ScNT_168",5912,0.00363605614747167,4.48119201202161,0.00216488730723606,2.59050610257634,0.748082549886883,0.790648562809513,1.5387311126964,"ScNT",168
"Nkain1","ALL","SpNT_12",2633,0.00208807896735004,7.05518862641459,0.00216488730723606,2.59050610257634,-0.0521156546697896,1.44545067278995,1.39333501812016,"SpNT",12
"Nkain1","ALL","Crush_24",5009,0.00129740518962076,1.32123799127429,0.00216488730723606,2.59050610257634,-0.738662812992051,-0.97134362319685,-1.7100064361889,"Crush",24
"Nkain1","ALL","SpNT_6",2703,0.00240384615384615,3.34334261023602,0.00216488730723606,2.59050610257634,0.151052638808335,0.368057221007701,0.519109859816036,"SpNT",6
"Nkain1","ALL","ScNT_12",3168,0.00394446197538656,2.93374557506972,0.00216488730723606,2.59050610257634,0.865536602341918,0.179509778535773,1.04504638087769,"ScNT",12
"Nkain1","ALL","Paclitaxel_168",2966,0.00455005055611729,2.46143551533669,0.00216488730723606,2.59050610257634,1.07159064763263,-0.0737340378587213,0.997856609773908,"Paclitaxel",168
"Nkain1","ALL","Crush_168",19121,0.00499424746365443,3.62556988740185,0.00216488730723606,2.59050610257634,1.20597538048617,0.484973801630918,1.69094918211708,"Crush",168
"Nkain1","ALL","Crush_6",4046,0.0011119347664937,1.29655442507134,0.00216488730723606,2.59050610257634,-0.961219775277684,-0.998551215182277,-1.95977099045996,"Crush",6
"Nkain1","ALL","Crush_2160",4412,0.001472920915477,2.13851017243506,0.00216488730723606,2.59050610257634,-0.555611956885467,-0.276627912394142,-0.832239869279608,"Crush",2160
"Nkain1","ALL","ScNT_24",873,0.0074370709382151,3.34656709274192,0.00216488730723606,2.59050610257634,1.78044260558992,0.369447955856895,2.14989056144682,"ScNT",24
"Nkain1","ALL","ScNT_6",1209,0.0012396694214876,0.877610579264343,0.00216488730723606,2.59050610257634,-0.804336474491373,-1.56158116011331,-2.36591763460468,"ScNT",6
"Nkain1","ALL","Crush_672",13242,0.000641848523748395,2.03339508405365,0.00216488730723606,2.59050610257634,-1.75398716111224,-0.34934342742314,-2.10333058853538,"Crush",672
"Nkain1","ALL","Crush_336",12074,0.00128364389233954,4.23006694969962,0.00216488730723606,2.59050610257634,-0.754046901274195,0.707446514990838,-0.0466003862833572,"Crush",336
"Nkain1","ALL","ScNT_672",2440,0.00225317492830807,4.7598537967432,0.00216488730723606,2.59050610257634,0.0576673958055707,0.877683278301747,0.935350674107317,"ScNT",672
"Nkain1","ALL","SpNT_168",1707,0.00556206088992974,4.52880221724905,0.00216488730723606,2.59050610257634,1.36132761077252,0.805895552882931,2.16722316365545,"SpNT",168
"Nkain1","ALL","Naive_0",16859,0.00216488730723606,2.59050610257634,0.00216488730723606,2.59050610257634,0,0,0,"Naive",0
"Nkain1","ALL","CFA_48",1685,0.00622775800711744,3.71738767864581,0.00216488730723606,2.59050610257634,1.52442095878611,0.52105516950101,2.04547612828712,"CFA",48
"Nkain1","ALL","SpNT_24",3470,0.00302506482281763,2.13956470625221,0.00216488730723606,2.59050610257634,0.482674129899542,-0.275916671575591,0.206757458323951,"SpNT",24
"Nkain1","ALL","SpNT_36",2775,0.0203530259365994,2.71124103931643,0.00216488730723606,2.59050610257634,3.23287946678635,0.0657193975651705,3.29859886435153,"SpNT",36
"Nkain1","ALL","SpNT_48",2685,0.0210349962769918,2.76901497407766,0.00216488730723606,2.59050610257634,3.28042772993717,0.0961388732110302,3.3765666031482,"SpNT",48
"Nkain1","ALL","ScNT_72",2397,0.00688073394495413,4.32935152611179,0.00216488730723606,2.59050610257634,1.66827053289366,0.740916964185023,2.40918749707868,"ScNT",72
"Nkain1","ALL","Crush_1440",9787,0.00178790355537393,5.53073859125339,0.00216488730723606,2.59050610257634,-0.276023012184996,1.09423817288871,0.818215160703713,"Crush",1440
"Nkain1","ALL","SpNT_72",2913,0.0132120796156486,2.88756547664468,0.00216488730723606,2.59050610257634,2.60949373557982,0.15661967834183,2.76611341392165,"SpNT",72
"Npy","ALL","CFA_48",1685,0.00029655990510083,NA,0.00180901542111507,9.43259318770913,-2.60880924267552,NA,NA,"CFA",48
"Npy","ALL","Crush_672",13242,0.0929170127614589,13.946717617217,0.00180901542111507,9.43259318770913,5.68266616141271,0.564199268288289,6.246865429701,"Crush",672
"Npy","ALL","SpNT_12",2633,0.00360668185269552,6.57231604290233,0.00180901542111507,9.43259318770913,0.995467461453629,-0.521252591147967,0.474214870305662,"SpNT",12
"Npy","ALL","ScNT_12",3168,0.00142000631113916,5.99173505078501,0.00180901542111507,9.43259318770913,-0.349307364673363,-0.654680617456772,-1.00398798213013,"ScNT",12
"Npy","ALL","Crush_1440",9787,0.00975684511646915,10.7477978989203,0.00180901542111507,9.43259318770913,2.43121002022292,0.188314745269856,2.61952476549277,"Crush",1440
"Npy","ALL","ScNT_168",5912,0.154828344326061,14.7795221333311,0.00180901542111507,9.43259318770913,6.41932109229925,0.647873270462245,7.0671943627615,"ScNT",168
"Npy","ALL","Crush_6",4046,0.00185322461082283,8.4694781195646,0.00180901542111507,9.43259318770913,0.034833040205653,-0.155381373039556,-0.120548332833903,"Crush",6
"Npy","ALL","Crush_72",14329,0.142533147243545,13.8740539229389,0.00180901542111507,9.43259318770913,6.2999489521501,0.556663043808246,6.85661199595834,"Crush",72
"Npy","ALL","SpNT_6",2703,0.00166420118343195,11.5515470471667,0.00180901542111507,9.43259318770913,-0.120374856573314,0.29235972521175,0.171984868638437,"SpNT",6
"Npy","ALL","ScNT_72",2397,0.0414929107589658,9.7657532887459,0.00180901542111507,9.43259318770913,4.51958825539598,0.0500768838069511,4.56966513920294,"ScNT",72
"Npy","ALL","Crush_2160",4412,0.0139360978925901,11.6931665176768,0.00180901542111507,9.43259318770913,2.94555005162981,0.309939312524412,3.25548936415422,"Crush",2160
"Npy","ALL","ScNT_1440",2678,0.055431131019037,17.1222089188454,0.00180901542111507,9.43259318770913,4.93741983322495,0.860142481292877,5.79756231451782,"ScNT",1440
"Npy","ALL","Crush_168",19121,0.132334483840602,16.381194296418,0.00180901542111507,9.43259318770913,6.19284053277627,0.79631418965639,6.98915472243266,"Crush",168
"Npy","ALL","ScNT_24",873,0.0040045766590389,5.15218897355533,0.00180901542111507,9.43259318770913,1.14644503082356,-0.872468937936653,0.273976092886911,"ScNT",24
"Npy","ALL","ScNT_672",2440,0.104670217124129,15.9237312482473,0.00180901542111507,9.43259318770913,5.85450247942303,0.755452074674273,6.6099545540973,"ScNT",672
"Npy","ALL","Naive_0",16859,0.00180901542111507,9.43259318770913,0.00180901542111507,9.43259318770913,0,0,0,"Naive",0
"Npy","ALL","SpNT_48",2685,0.0642218912881608,10.6252634607589,0.00180901542111507,9.43259318770913,5.14978854050465,0.171772261235464,5.32156080174011,"SpNT",48
"Npy","ALL","ScNT_6",1209,0.000413223140495868,NA,0.00180901542111507,9.43259318770913,-2.1302117538954,NA,NA,"ScNT",6
"Npy","ALL","Crush_24",5009,0.0286427145708583,11.7183524590406,0.00180901542111507,9.43259318770913,3.98489161685968,0.313043395327342,4.29793501218702,"Crush",24
"Npy","ALL","SpNT_24",3470,0.0410544511668107,10.1238726718182,0.00180901542111507,9.43259318770913,4.50426203749002,0.102034914786206,4.60629695227622,"SpNT",24
"Npy","ALL","SpNT_168",1707,0.192915690866511,23.6702557147938,0.00180901542111507,9.43259318770913,6.73662197365412,1.3273489388172,8.06397091247132,"SpNT",168
"Npy","ALL","SpNT_36",2775,0.0430475504322767,10.3317594377389,0.00180901542111507,9.43259318770913,4.57265453366905,0.131359604506899,4.70401413817595,"SpNT",36
"Npy","ALL","Crush_336",12074,0.0773084886128364,13.2829328573831,0.00180901542111507,9.43259318770913,5.41735022188226,0.493847374300794,5.91119759618306,"Crush",336
"Npy","ALL","Paclitaxel_168",2966,0.00320188742837883,6.0203250129356,0.00180901542111507,9.43259318770913,0.823717880229877,-0.647813073624781,0.175904806605095,"Paclitaxel",168
"Npy","ALL","SpNT_72",2913,0.0955730954015099,13.0811680500293,0.00180901542111507,9.43259318770913,5.72332793354208,0.471765015335976,6.19509294887805,"SpNT",72
"Pappa2","ALL","SpNT_72",2913,0.000514756348661634,14.0292755148754,2.9655990510083e-05,NA,4.11749425448609,NA,NA,"SpNT",72
"Pappa2","ALL","ScNT_24",873,0.0005720823798627,NA,2.9655990510083e-05,NA,4.26982744632885,NA,NA,"ScNT",24
"Pappa2","ALL","Crush_168",19121,0.000183035247359063,5.15141523262195,2.9655990510083e-05,NA,2.62572603338804,NA,NA,"Crush",168
"Pappa2","ALL","SpNT_6",2703,0.000924556213017751,1.15138811452579,2.9655990510083e-05,NA,4.96236557443462,NA,NA,"SpNT",6
"Pappa2","ALL","Crush_672",13242,0.000113267386543834,3.66459027098813,2.9655990510083e-05,NA,1.93333705723859,NA,NA,"Crush",672
"Pappa2","ALL","Crush_2160",4412,0.000113301608882846,NA,2.9655990510083e-05,NA,1.93377288385346,NA,NA,"Crush",2160
"Pappa2","ALL","SpNT_48",2685,0.000558451228592703,1.7731947639643,2.9655990510083e-05,NA,4.23503582712316,NA,NA,"SpNT",48
"Pappa2","ALL","SpNT_36",2775,0.000900576368876081,1.03490662336241,2.9655990510083e-05,NA,4.92445315813855,NA,NA,"SpNT",36
"Pappa2","ALL","SpNT_168",1707,0.00146370023419204,16.8622922666424,2.9655990510083e-05,NA,5.62515275109632,NA,NA,"SpNT",168
"Pappa2","ALL","Crush_24",5009,0.00029940119760479,1.45960311115695,2.9655990510083e-05,NA,3.33568452846803,NA,NA,"Crush",24
"Pappa2","ALL","CFA_48",1685,0.00029655990510083,NA,2.9655990510083e-05,NA,3.32192809488736,NA,NA,"CFA",48
"Pappa2","ALL","ScNT_1440",2678,0.000186636804777902,NA,2.9655990510083e-05,NA,2.65383804998707,NA,NA,"ScNT",1440
"Pappa2","ALL","ScNT_168",5912,0.000253678335870117,0.973877732230448,2.9655990510083e-05,NA,3.09660485478596,NA,NA,"ScNT",168
"Pappa2","ALL","Crush_1440",9787,0.000357580711074785,7.04492185737791,2.9655990510083e-05,NA,3.59187345180766,NA,NA,"Crush",1440
"Pappa2","ALL","Naive_0",16859,2.9655990510083e-05,NA,2.9655990510083e-05,NA,0,NA,NA,"Naive",0
"Pappa2","ALL","SpNT_12",2633,0.000189825360668185,NA,2.9655990510083e-05,NA,2.67827728557293,NA,NA,"SpNT",12
"Pappa2","ALL","ScNT_72",2397,0.000208507089241034,NA,2.9655990510083e-05,NA,2.81370097241522,NA,NA,"ScNT",72
"Pappa2","ALL","Crush_336",12074,0.00020703933747412,1.44348650184176,2.9655990510083e-05,NA,2.80350944210631,NA,NA,"Crush",336
"Pappa2","ALL","Crush_72",14329,0.000174459176552687,5.82610041013282,2.9655990510083e-05,NA,2.5564940215673,NA,NA,"Crush",72
"Pappa2","ALL","SpNT_24",3470,0.000144050705848459,NA,2.9655990510083e-05,NA,2.2801812660008,NA,NA,"SpNT",24
"Pappa2","ALL","ScNT_12",3168,0.000157778479015462,NA,2.9655990510083e-05,NA,2.41150497144721,NA,NA,"ScNT",12
"Pappa2","ALL","Crush_6",4046,0.000864838151717321,9.61198222983651,2.9655990510083e-05,NA,4.86603470421762,NA,NA,"Crush",6
"Pappa2","ALL","Paclitaxel_168",2966,0.000168520390967307,NA,2.9655990510083e-05,NA,2.50652770434918,NA,NA,"Paclitaxel",168
"Pappa2","ALL","ScNT_6",1209,0.00206611570247934,1.42980223004979,2.9655990510083e-05,NA,6.12245367855485,NA,NA,"ScNT",6
"Pappa2","ALL","ScNT_672",2440,0.000204834084391643,NA,2.9655990510083e-05,NA,2.78806033604829,NA,NA,"ScNT",672
"Pdyn","ALL","ScNT_168",5912,0.00126839167935058,5.25676580214718,0.00097864768683274,4.75405135037313,0.374138830314868,0.145017975345454,0.519156805660322,"ScNT",168
"Pdyn","ALL","Crush_24",5009,0.00169660678642715,2.48993450966392,0.00097864768683274,4.75405135037313,0.79379074963876,-0.933049689497593,-0.139258939858833,"Crush",24
"Pdyn","ALL","Naive_0",16859,0.00097864768683274,4.75405135037313,0.00097864768683274,4.75405135037313,0,0,0,"Naive",0
"Pdyn","ALL","SpNT_12",2633,0.00170842824601367,1.69336026968756,0.00097864768683274,4.75405135037313,0.803808167656789,-1.48926854100893,-0.685460373352142,"SpNT",12
"Pdyn","ALL","Paclitaxel_168",2966,0.00185372430064038,6.4699432920895,0.00097864768683274,4.75405135037313,0.921565203628021,0.444595580826458,1.36616078445448,"Paclitaxel",168
"Pdyn","ALL","ScNT_12",3168,0.000157778479015462,NA,0.00097864768683274,4.75405135037313,-2.63288914791124,NA,NA,"ScNT",12
"Pdyn","ALL","Crush_672",13242,0.00101940647889451,4.01240488551022,0.00097864768683274,4.75405135037313,0.0588679393224509,-0.244690293080436,-0.185822353757985,"Crush",672
"Pdyn","ALL","ScNT_672",2440,0.00184350675952478,3.51546562066005,0.00097864768683274,4.75405135037313,0.91359121813215,-0.435441700701152,0.478149517430997,"ScNT",672
"Pdyn","ALL","Crush_168",19121,0.00133354251647317,3.85815555029639,0.00097864768683274,4.75405135037313,0.446402333943478,-0.301246176395364,0.145156157548114,"Crush",168
"Pdyn","ALL","ScNT_6",1209,0.000413223140495868,NA,0.00097864768683274,4.75405135037313,-1.24386853569097,NA,NA,"ScNT",6
"Pdyn","ALL","ScNT_24",873,0.0017162471395881,0.915540829013896,0.00097864768683274,4.75405135037313,0.810395827691549,-2.37646135618262,-1.56606552849107,"ScNT",24
"Pdyn","ALL","Crush_72",14329,0.000802512212142359,3.1336094400535,0.00097864768683274,4.75405135037313,-0.286266236621504,-0.601332106927454,-0.887598343548958,"Crush",72
"Pdyn","ALL","SpNT_72",2913,0.00291695264241592,5.514842634987,0.00097864768683274,4.75405135037313,1.57560047565682,0.214162232888797,1.78976270854561,"SpNT",72
"Pdyn","ALL","SpNT_168",1707,0.0038056206088993,3.937149894832,0.00097864768683274,4.75405135037313,1.95927025499159,-0.272005846775454,1.68726440821614,"SpNT",168
"Pdyn","ALL","SpNT_6",2703,0.00203402366863905,1.83530224241216,0.00097864768683274,4.75405135037313,1.0554749788261,-1.37313981702252,-0.317664838196418,"SpNT",6
"Pdyn","ALL","Crush_336",12074,0.00186335403726708,6.89823183856195,0.00097864768683274,4.75405135037313,0.929040324190168,0.537069129811772,1.46610945400194,"Crush",336
"Pdyn","ALL","ScNT_1440",2678,0.00317282568122434,5.08558784256751,0.00097864768683274,4.75405135037313,1.69690677187895,0.0972570582110828,1.79416383009003,"ScNT",1440
"Pdyn","ALL","CFA_48",1685,0.00029655990510083,NA,0.00097864768683274,4.75405135037313,-1.72246602447109,NA,NA,"CFA",48
"Pdyn","ALL","SpNT_24",3470,0.00158455776433305,3.49034915563708,0.00097864768683274,4.75405135037313,0.695218765279642,-0.445786123422665,0.249432641856977,"SpNT",24
"Pdyn","ALL","SpNT_36",2775,0.00234149855907781,2.55159998392047,0.00097864768683274,4.75405135037313,1.25857066203382,-0.897755311940984,0.360815350092838,"SpNT",36
"Pdyn","ALL","ScNT_72",2397,0.00104253544620517,0.779819114481615,0.00097864768683274,4.75405135037313,0.09123494794413,-2.6079460636794,-2.51671111573528,"ScNT",72
"Pdyn","ALL","SpNT_48",2685,0.00204765450483991,1.9713164388295,0.00097864768683274,4.75405135037313,1.06511082568085,-1.26999810782151,-0.204887282140668,"SpNT",48
"Pdyn","ALL","Crush_6",4046,0.0033358042994811,4.50027221360649,0.00097864768683274,4.75405135037313,1.76917316496504,-0.0791452162943878,1.69002794867065,"Crush",6
"Pdyn","ALL","Crush_2160",4412,0.000566508044414231,3.50325512909698,0.00097864768683274,4.75405135037313,-0.788693140617633,-0.440461428376601,-1.22915456899423,"Crush",2160
"Pdyn","ALL","Crush_1440",9787,0.00260523089497344,6.17534819928013,0.00097864768683274,4.75405135037313,1.4125497523631,0.377362999401982,1.78991275176508,"Crush",1440
"Ptpn5","ALL","SpNT_12",2633,0.0411921032649962,3.02999454406122,0.0259489916963227,3.72135254226871,0.666689311297718,-0.296511874706033,0.370177436591686,"SpNT",12
"Ptpn5","ALL","Naive_0",16859,0.0259489916963227,3.72135254226871,0.0259489916963227,3.72135254226871,0,0,0,"Naive",0
"Ptpn5","ALL","CFA_48",1685,0.0275800711743772,4.20999144418549,0.0259489916963227,3.72135254226871,0.0879476992757027,0.177990230729575,0.265937930005278,"CFA",48
"Ptpn5","ALL","SpNT_168",1707,0.0746487119437939,4.78051504103141,0.0259489916963227,3.72135254226871,1.52443888634812,0.361338988397,1.88577787474512,"SpNT",168
"Ptpn5","ALL","Crush_72",14329,0.0299720865317516,4.29906123125855,0.0259489916963227,3.72135254226871,0.207941041098709,0.208194588054494,0.416135629153203,"Crush",72
"Ptpn5","ALL","Crush_168",19121,0.0422811421399435,3.53088950164046,0.0259489916963227,3.72135254226871,0.704335868084406,-0.0757953976269951,0.628540470457411,"Crush",168
"Ptpn5","ALL","ScNT_72",2397,0.0535863219349458,3.78102715520059,0.0259489916963227,3.72135254226871,1.04618631488941,0.0229511401183551,1.06913745500776,"ScNT",72
"Ptpn5","ALL","Crush_24",5009,0.0280439121756487,3.38424542083979,0.0259489916963227,3.72135254226871,0.112009141248109,-0.136992876109003,-0.0249837348608937,"Crush",24
"Ptpn5","ALL","SpNT_36",2775,0.0689841498559078,3.77253930042954,0.0259489916963227,3.72135254226871,1.41058643845645,0.0197088594786329,1.43029529793508,"SpNT",36
"Ptpn5","ALL","ScNT_24",873,0.0566361556064073,3.13484288714234,0.0259489916963227,3.72135254226871,1.12604485968876,-0.247433931147639,0.878610928541125,"ScNT",24
"Ptpn5","ALL","SpNT_6",2703,0.0234837278106509,4.00218928786517,0.0259489916963227,3.72135254226871,-0.144017040400265,0.104962332049805,-0.0390547083504606,"SpNT",6
"Ptpn5","ALL","Crush_2160",4412,0.0200543847722638,4.16370595884675,0.0259489916963227,3.72135254226871,-0.371760772783235,0.162041118400531,-0.209719654382705,"Crush",2160
"Ptpn5","ALL","SpNT_24",3470,0.0511380005762028,3.31425263062779,0.0259489916963227,3.72135254226871,0.978717273673152,-0.167143493698226,0.811573779974926,"SpNT",24
"Ptpn5","ALL","Crush_6",4046,0.0191499876451693,3.11003843701588,0.0259489916963227,3.72135254226871,-0.438335019285433,-0.258894659870069,-0.697229679155501,"Crush",6
"Ptpn5","ALL","Crush_672",13242,0.0222381635581062,3.67354889590419,0.0259489916963227,3.72135254226871,-0.222640826371794,-0.0186525932255773,-0.241293419597372,"Crush",672
"Ptpn5","ALL","ScNT_1440",2678,0.0169839492347891,4.11219156878948,0.0259489916963227,3.72135254226871,-0.611506516533929,0.144080404240867,-0.467426112293062,"ScNT",1440
"Ptpn5","ALL","SpNT_48",2685,0.0690618019359643,3.84503042732903,0.0259489916963227,3.72135254226871,1.41220949630311,0.0471679442519682,1.45937744055508,"SpNT",48
"Ptpn5","ALL","ScNT_672",2440,0.0415813191315035,3.09001501652909,0.0259489916963227,3.72135254226871,0.680257046513776,-0.268213221423833,0.412043825089943,"ScNT",672
"Ptpn5","ALL","ScNT_12",3168,0.0317134742821079,3.99978803185839,0.0259489916963227,3.72135254226871,0.289417455906448,0.104096475999867,0.393513931906316,"ScNT",12
"Ptpn5","ALL","SpNT_72",2913,0.0849347975291695,4.24188189490188,0.0259489916963227,3.72135254226871,1.71067726201221,0.188877382392704,1.89955464440492,"SpNT",72
"Ptpn5","ALL","Crush_1440",9787,0.0186452799346138,4.06304526891398,0.0259489916963227,3.72135254226871,-0.476868023202257,0.126734367993425,-0.350133655208832,"Crush",1440
"Ptpn5","ALL","Paclitaxel_168",2966,0.0321873946747556,3.72938157066323,0.0259489916963227,3.72135254226871,0.310817325665235,0.00310934298718488,0.31392666865242,"Paclitaxel",168
"Ptpn5","ALL","Crush_336",12074,0.0193374741200828,4.13469194327778,0.0259489916963227,3.72135254226871,-0.424279119791083,0.151952774255807,-0.272326345535275,"Crush",336
"Ptpn5","ALL","ScNT_168",5912,0.0354304075765263,5.68071750654202,0.0259489916963227,3.72135254226871,0.449309581044463,0.610246091101357,1.05955567214582,"ScNT",168
"Ptpn5","ALL","ScNT_6",1209,0.0293388429752066,3.80852822777726,0.0259489916963227,3.72135254226871,0.177133496452479,0.0334065179824478,0.210540014434926,"ScNT",6
"Pvr","ALL","SpNT_72",2913,0.117192862045299,5.00368021689259,0.062485172004745,5.25261910482748,0.907298923237716,-0.0700473804292984,0.837251542808418,"SpNT",72
"Pvr","ALL","ScNT_1440",2678,0.0494587532661441,7.27812995396829,0.062485172004745,5.25261910482748,-0.337287999379679,0.470530840472596,0.133242841092917,"ScNT",1440
"Pvr","ALL","SpNT_48",2685,0.18596425912137,5.59061066503038,0.062485172004745,5.25261910482748,1.57343959537711,0.0899689070897907,1.6634085024669,"SpNT",48
"Pvr","ALL","SpNT_6",2703,0.117788461538462,6.48956718262098,0.062485172004745,5.25261910482748,0.914612442986254,0.305085291000786,1.21969773398704,"SpNT",6
"Pvr","ALL","ScNT_72",2397,0.114053377814846,6.34689972410724,0.062485172004745,5.25261910482748,0.868123396390471,0.273015078540314,1.14113847493079,"ScNT",72
"Pvr","ALL","Crush_336",12074,0.0566045548654244,7.07068792918852,0.062485172004745,5.25261910482748,-0.1425957239923,0.428813615301298,0.286217891308999,"Crush",336
"Pvr","ALL","Crush_2160",4412,0.0504192159528665,6.29013760144168,0.062485172004745,5.25261910482748,-0.309540189110088,0.260054606634307,-0.049485582475781,"Crush",2160
"Pvr","ALL","Crush_672",13242,0.0561428679302273,6.18263713013783,0.062485172004745,5.25261910482748,-0.154411110247451,0.235185362926957,0.0807742526795052,"Crush",672
"Pvr","ALL","CFA_48",1685,0.0560498220640569,4.94153065139447,0.062485172004745,5.25261910482748,-0.156804079708871,-0.0880789814354676,-0.244883061144339,"CFA",48
"Pvr","ALL","ScNT_24",873,0.131006864988558,5.06385938782627,0.062485172004745,5.25261910482748,1.06805663560848,-0.0527996259707992,1.01525700963768,"ScNT",24
"Pvr","ALL","Crush_24",5009,0.0909181636726547,6.86357103527664,0.062485172004745,5.25261910482748,0.541054672731618,0.385922418151274,0.926977090882892,"Crush",24
"Pvr","ALL","Crush_168",19121,0.090236376948018,5.5815107369549,0.062485172004745,5.25261910482748,0.530195270948645,0.0876186956057075,0.617813966554352,"Crush",168
"Pvr","ALL","ScNT_12",3168,0.119753865572736,5.82606791301349,0.062485172004745,5.25261910482748,0.938486448045371,0.149485547867535,1.08797199591291,"ScNT",12
"Pvr","ALL","Crush_6",4046,0.0668396342970101,5.50587152285826,0.062485172004745,5.25261910482748,0.0971899671695301,0.067933974815279,0.165123941984809,"Crush",6
"Pvr","ALL","Paclitaxel_168",2966,0.0662285136501517,4.3775510664179,0.062485172004745,5.25261910482748,0.083938607790478,-0.262912962295643,-0.178974354505165,"Paclitaxel",168
"Pvr","ALL","Crush_1440",9787,0.0518492031058439,6.16881410530433,0.062485172004745,5.25261910482748,-0.269192056994713,0.231956201053901,-0.0372358559408114,"Crush",1440
"Pvr","ALL","SpNT_168",1707,0.0740632318501171,5.77784526449801,0.062485172004745,5.25261910482748,0.245243632085958,0.137494597003444,0.382738229089403,"SpNT",168
"Pvr","ALL","ScNT_6",1209,0.0896694214876033,6.49521164887335,0.062485172004745,5.25261910482748,0.521102217294661,0.306339566347229,0.82744178364189,"ScNT",6
"Pvr","ALL","ScNT_672",2440,0.082548136009832,5.76663692413293,0.062485172004745,5.25261910482748,0.401721765758952,0.134693220228316,0.536414985987268,"ScNT",672
"Pvr","ALL","Naive_0",16859,0.062485172004745,5.25261910482748,0.062485172004745,5.25261910482748,0,0,0,"Naive",0
"Pvr","ALL","SpNT_24",3470,0.173292999135696,5.56574182272944,0.062485172004745,5.25261910482748,1.47162759435957,0.0835370172896759,1.55516461164924,"SpNT",24
"Pvr","ALL","SpNT_12",2633,0.14331814730448,5.22674640123588,0.062485172004745,5.25261910482748,1.19763552096807,-0.00712380859060553,1.19051171237746,"SpNT",12
"Pvr","ALL","Crush_72",14329,0.0830076762037683,6.70765947027993,0.062485172004745,5.25261910482748,0.409730884287765,0.352772478194856,0.762503362482621,"Crush",72
"Pvr","ALL","SpNT_36",2775,0.179935158501441,5.72627189373775,0.062485172004745,5.25261910482748,1.5258913322263,0.124559202888063,1.65045053511436,"SpNT",36
"Pvr","ALL","ScNT_168",5912,0.0663791645526805,6.93410185202858,0.062485172004745,5.25261910482748,0.0872165990264858,0.400672056977754,0.48788865600424,"ScNT",168
"Rnf122","ALL","ScNT_168",5912,0.0973279215288348,6.13018245056748,0.0559015421115065,4.77829462565074,0.799965664041006,0.359434201097867,1.15939986513887,"ScNT",168
"Rnf122","ALL","Naive_0",16859,0.0559015421115065,4.77829462565074,0.0559015421115065,4.77829462565074,0,0,0,"Naive",0
"Rnf122","ALL","ScNT_24",873,0.176773455377574,4.19316874888986,0.0559015421115065,4.77829462565074,1.66094166607719,-0.188454921076492,1.4724867450007,"ScNT",24
"Rnf122","ALL","ScNT_12",3168,0.122593878195014,4.57800802235009,0.0559015421115065,4.77829462565074,1.13292695169889,-0.0617758208796068,1.07115113081929,"ScNT",12
"Rnf122","ALL","Crush_24",5009,0.105489021956088,5.19829097244513,0.0559015421115065,4.77829462565074,0.91613288097353,0.121541578493527,1.03767445946706,"Crush",24
"Rnf122","ALL","ScNT_672",2440,0.0747644408029496,3.98912615136524,0.0559015421115065,4.77829462565074,0.419464181659644,-0.260423064247035,0.159041117412609,"ScNT",672
"Rnf122","ALL","Paclitaxel_168",2966,0.0540950455005056,3.65768634743587,0.0559015421115065,4.77829462565074,-0.0473916166845458,-0.385564444966418,-0.432956061650964,"Paclitaxel",168
"Rnf122","ALL","CFA_48",1685,0.052491103202847,3.4775742475358,0.0559015421115065,4.77829462565074,-0.090815163185667,-0.458414494721173,-0.54922965790684,"CFA",48
"Rnf122","ALL","ScNT_72",2397,0.148665554628857,5.16558510632643,0.0559015421115065,4.77829462565074,1.41111043070308,0.112435960646759,1.52354639134984,"ScNT",72
"Rnf122","ALL","Crush_336",12074,0.0444306418219462,5.68576493200054,0.0559015421115065,4.77829462565074,-0.331333100180558,0.250858642640452,-0.0804744575401055,"Crush",336
"Rnf122","ALL","SpNT_12",2633,0.19874715261959,4.46312487744387,0.0559015421115065,4.77829462565074,1.82997420434771,-0.0984416384002601,1.73153256594745,"SpNT",12
"Rnf122","ALL","Crush_6",4046,0.0683222139856684,4.89734427578609,0.0559015421115065,4.77829462565074,0.289466644238701,0.0355038069521923,0.324970451190894,"Crush",6
"Rnf122","ALL","SpNT_168",1707,0.187060889929742,5.58407091977253,0.0559015421115065,4.77829462565074,1.74254796899992,0.224821452519645,1.96736942151957,"SpNT",168
"Rnf122","ALL","SpNT_48",2685,0.205323901712584,4.96265651736678,0.0559015421115065,4.77829462565074,1.87694159383736,0.0546167922669986,1.93155838610436,"SpNT",48
"Rnf122","ALL","ScNT_1440",2678,0.062896603210153,7.08676182638686,0.0559015421115065,4.77829462565074,0.170094023012897,0.56863075149949,0.738724774512387,"ScNT",1440
"Rnf122","ALL","Crush_1440",9787,0.0515427053534941,5.86906836524417,0.0559015421115065,4.77829462565074,-0.117119819299614,0.296635701392551,0.179515882092936,"Crush",1440
"Rnf122","ALL","SpNT_6",2703,0.154031065088757,4.96603854609149,0.0559015421115065,4.77829462565074,1.46226135675678,0.0555996477634793,1.51786100452026,"SpNT",6
"Rnf122","ALL","SpNT_72",2913,0.244509265614276,5.18091502722966,0.0559015421115065,4.77829462565074,2.12892914954837,0.116711110071754,2.24564025962013,"SpNT",72
"Rnf122","ALL","ScNT_6",1209,0.0995867768595041,3.70266180135546,0.0559015421115065,4.77829462565074,0.833066111741423,-0.36793303117631,0.465133080565113,"ScNT",6
"Rnf122","ALL","Crush_168",19121,0.0955705470139107,4.85629207335164,0.0559015421115065,4.77829462565074,0.773677994014209,0.0233593807134541,0.797037374727663,"Crush",168
"Rnf122","ALL","SpNT_24",3470,0.212474791126477,4.27894966820637,0.0559015421115065,4.77829462565074,1.92633169698134,-0.159239102764318,1.76709259421702,"SpNT",24
"Rnf122","ALL","Crush_672",13242,0.0473835233708374,4.73442037832873,0.0559015421115065,4.77829462565074,-0.238502602800456,-0.0133080004677178,-0.251810603268174,"Crush",672
"Rnf122","ALL","Crush_2160",4412,0.0488329934285067,5.17036282113273,0.0559015421115065,4.77829462565074,-0.19503186521347,0.1137697107773,-0.0812621544361699,"Crush",2160
"Rnf122","ALL","Crush_72",14329,0.08831123517097,5.6133218216037,0.0559015421115065,4.77829462565074,0.659708910634594,0.23235896200617,0.892067872640764,"Crush",72
"Rnf122","ALL","SpNT_36",2775,0.211635446685879,4.72486357053183,0.0559015421115065,4.77829462565074,1.92062129654752,-0.0162231394953603,1.90439815705216,"SpNT",36
"Scin","ALL","ScNT_72",2397,0.0164720600500417,4.9906681673553,0.0362692763938316,4.31310931645018,-1.13872696793506,0.210504699459723,-0.92822226847534,"ScNT",72
"Scin","ALL","Crush_168",19121,0.0169176864344734,4.59085774951273,0.0362692763938316,4.31310931645018,-1.10021567520444,0.0900354480957504,-1.01018022710869,"Crush",168
"Scin","ALL","Crush_672",13242,0.0121951219512195,4.10149927088383,0.0362692763938316,4.31310931645018,-1.57244377731603,-0.0725769098776663,-1.64502068719369,"Crush",672
"Scin","ALL","CFA_48",1685,0.0317319098457889,3.85943208076777,0.0362692763938316,4.31310931645018,-0.192813607238877,-0.160339712758797,-0.353153319997675,"CFA",48
"Scin","ALL","SpNT_72",2913,0.00737817433081675,2.56737139639905,0.0362692763938316,4.31310931645018,-2.29741218006036,-0.748436270344735,-3.04584845040509,"SpNT",72
"Scin","ALL","SpNT_6",2703,0.0194156804733728,3.93173114129347,0.0362692763938316,4.31310931645018,-0.901525691314004,-0.13356361085269,-1.03508930216669,"SpNT",6
"Scin","ALL","ScNT_24",873,0.0234553775743707,5.20298880252436,0.0362692763938316,4.31310931645018,-0.628829237580457,0.270612320585789,-0.358216916994668,"ScNT",24
"Scin","ALL","ScNT_1440",2678,0.0158641284061217,4.84878021647408,0.0362692763938316,4.31310931645018,-1.19297970240262,0.168893579451763,-1.02408612295086,"ScNT",1440
"Scin","ALL","Crush_2160",4412,0.0198277815544981,4.11733933009731,0.0362692763938316,4.31310931645018,-0.8712246928416,-0.0670159287515593,-0.938240621593159,"Crush",2160
"Scin","ALL","SpNT_48",2685,0.011355174981385,4.80163932054363,0.0362692763938316,4.31310931645018,-1.6753980245625,0.154798756428704,-1.52059926813379,"SpNT",48
"Scin","ALL","Crush_6",4046,0.0208796639486039,4.5602156696274,0.0362692763938316,4.31310931645018,-0.796649470085181,0.080373774565249,-0.716275695519932,"Crush",6
"Scin","ALL","Naive_0",16859,0.0362692763938316,4.31310931645018,0.0362692763938316,4.31310931645018,0,0,0,"Naive",0
"Scin","ALL","Crush_336",12074,0.0142857142857143,4.12773192817099,0.0362692763938316,4.31310931645018,-1.34417478964291,-0.0633790025993146,-1.40755379224222,"Crush",336
"Scin","ALL","Crush_24",5009,0.00988023952095808,3.55781586104675,0.0362692763938316,4.31310931645018,-1.8761300407009,-0.277736437718903,-2.15386647841981,"Crush",24
"Scin","ALL","SpNT_168",1707,0.00439110070257611,2.65522002765716,0.0362692763938316,4.31310931645018,-3.04609343670991,-0.699896865418037,-3.74599030212795,"SpNT",168
"Scin","ALL","Paclitaxel_168",2966,0.0722952477249747,4.30640473592679,0.0362692763938316,4.31310931645018,0.995152853321337,-0.00224436481321572,0.992908488508121,"Paclitaxel",168
"Scin","ALL","SpNT_36",2775,0.00954610951008645,3.72606526890003,0.0362692763938316,4.31310931645018,-1.925763170713,-0.211075335910627,-2.13683850662363,"SpNT",36
"Scin","ALL","Crush_72",14329,0.00854849965108165,5.21780561954522,0.0362692763938316,4.31310931645018,-2.08500482284488,0.274714918137777,-1.8102899047071,"Crush",72
"Scin","ALL","SpNT_12",2633,0.0130979498861048,4.16478701839288,0.0362692763938316,4.31310931645018,-1.46940694617629,-0.0504855618809201,-1.51989250805721,"SpNT",12
"Scin","ALL","ScNT_12",3168,0.0282423477437677,3.55627366032108,0.0362692763938316,4.31310931645018,-0.360887939815919,-0.278361935997256,-0.639249875813175,"ScNT",12
"Scin","ALL","ScNT_168",5912,0.00786402841197362,6.35211006051867,0.0362692763938316,4.31310931645018,-2.20540752335455,0.558507627834407,-1.64689989552015,"ScNT",168
"Scin","ALL","Crush_1440",9787,0.0247752349816101,5.33085572861758,0.0362692763938316,4.31310931645018,-0.549849221702842,0.30563885642758,-0.244210365275262,"Crush",1440
"Scin","ALL","SpNT_24",3470,0.00475367329299914,2.126787270543,0.0362692763938316,4.31310931645018,-2.93163330316813,-1.0200525452754,-3.95168584844353,"SpNT",24
"Scin","ALL","ScNT_6",1209,0.0177685950413223,4.55746186071049,0.0362692763938316,4.31310931645018,-1.0294183501578,0.0795023011937514,-0.949916048964049,"ScNT",6
"Scin","ALL","ScNT_672",2440,0.0260139287177386,3.63638692480056,0.0362692763938316,4.31310931645018,-0.47946366570693,-0.246222566172527,-0.725686231879457,"ScNT",672
"Sdc1","ALL","Crush_168",19121,0.148180106683401,6.96883263630723,0.0398279952550415,5.0728820932537,1.89549700901252,0.458111378538319,2.35360838755084,"Crush",168
"Sdc1","ALL","SpNT_72",2913,0.308339052848318,6.53145258944773,0.0398279952550415,5.0728820932537,2.95266285784743,0.364598252655776,3.31726111050321,"SpNT",72
"Sdc1","ALL","Paclitaxel_168",2966,0.0611729019211325,4.27137459748216,0.0398279952550415,5.0728820932537,0.619109852917486,-0.248105201754082,0.371004651163404,"Paclitaxel",168
"Sdc1","ALL","SpNT_168",1707,0.217505854800937,7.04442094892898,0.0398279952550415,5.0728820932537,2.44919946732011,0.473675493005689,2.9228749603258,"SpNT",168
"Sdc1","ALL","CFA_48",1685,0.050711743772242,5.0703527994852,0.0398279952550415,5.0728820932537,0.348537020345818,-0.00071949426213117,0.347817526083687,"CFA",48
"Sdc1","ALL","SpNT_36",2775,0.256304034582133,7.23832763457084,0.0398279952550415,5.0728820932537,2.68600142035022,0.512850782180839,3.19885220253106,"SpNT",36
"Sdc1","ALL","Naive_0",16859,0.0398279952550415,5.0728820932537,0.0398279952550415,5.0728820932537,0,0,0,"Naive",0
"Sdc1","ALL","ScNT_672",2440,0.117779598525195,4.99502874926876,0.0398279952550415,5.0728820932537,1.56423489245259,-0.0223126473555224,1.54192224509706,"ScNT",672
"Sdc1","ALL","Crush_672",13242,0.0684512572679906,6.33931144157586,0.0398279952550415,5.0728820932537,0.781294176834151,0.321520518402463,1.10281469523661,"Crush",672
"Sdc1","ALL","SpNT_12",2633,0.0867501898253607,5.12594947182754,0.0398279952550415,5.0728820932537,1.12308405120356,0.0150136286409279,1.13809767984449,"SpNT",12
"Sdc1","ALL","ScNT_72",2397,0.176188490408674,7.03801566176032,0.0398279952550415,5.0728820932537,2.14526491415733,0.472363095595153,2.61762800975248,"ScNT",72
"Sdc1","ALL","SpNT_24",3470,0.167242869490061,5.90338934695787,0.0398279952550415,5.0728820932537,2.07008993343892,0.218737866226996,2.28882779966592,"SpNT",24
"Sdc1","ALL","Crush_1440",9787,0.0387719656722517,6.23125299567045,0.0398279952550415,5.0728820932537,-0.038768984261921,0.296716664147213,0.257947679885292,"Crush",1440
"Sdc1","ALL","SpNT_48",2685,0.293559195830231,7.37400693103713,0.0398279952550415,5.0728820932537,2.88179668176507,0.539643143523731,3.4214398252888,"SpNT",48
"Sdc1","ALL","Crush_2160",4412,0.0343303874915024,5.2740613352979,0.0398279952550415,5.0728820932537,-0.214296722101033,0.0561087203481762,-0.158188001752857,"Crush",2160
"Sdc1","ALL","ScNT_6",1209,0.0632231404958678,4.93755141484063,0.0398279952550415,5.0728820932537,0.666669836932697,-0.0390098578652166,0.627659979067481,"ScNT",6
"Sdc1","ALL","ScNT_24",873,0.142448512585812,5.33421069052293,0.0398279952550415,5.0728820932537,1.83858578896948,0.0724691806091482,1.91105496957863,"ScNT",24
"Sdc1","ALL","ScNT_168",5912,0.119144258413665,7.70109810211717,0.0398279952550415,5.0728820932537,1.580854660947,0.602258545898458,2.18311320684545,"ScNT",168
"Sdc1","ALL","Crush_336",12074,0.0676190476190476,6.88010250296484,0.0398279952550415,5.0728820932537,0.763646833353199,0.439624430090345,1.20327126344354,"Crush",336
"Sdc1","ALL","Crush_24",5009,0.0801397205588822,5.7938187376377,0.0398279952550415,5.0728820932537,1.00873461583675,0.191708920978541,1.20044353681529,"Crush",24
"Sdc1","ALL","ScNT_12",3168,0.0831492584411486,5.01464679049364,0.0398279952550415,5.0728820932537,1.06192053365698,-0.0166575415703084,1.04526299208667,"ScNT",12
"Sdc1","ALL","SpNT_6",2703,0.0671227810650888,6.11119465839086,0.0398279952550415,5.0728820932537,0.753019628115569,0.268648806631222,1.02166843474679,"SpNT",6
"Sdc1","ALL","Crush_72",14329,0.141974877878576,7.83851287590244,0.0398279952550415,5.0728820932537,1.8337809023262,0.627774342995574,2.46155524532178,"Crush",72
"Sdc1","ALL","Crush_6",4046,0.0468248085001235,5.4553977504797,0.0398279952550415,5.0728820932537,0.23349023090367,0.104878757660917,0.338368988564587,"Crush",6
"Sdc1","ALL","ScNT_1440",2678,0.0520716685330347,6.52282833626467,0.0398279952550415,5.0728820932537,0.386715772388811,0.362692032132483,0.749407804521294,"ScNT",1440
"Sema6a","ALL","Crush_2160",4412,0.0615227736233855,6.31595101856426,0.0497924080664294,7.94388742169962,0.30519475672079,-0.330845194726754,-0.0256504380059643,"Crush",2160
"Sema6a","ALL","SpNT_72",2913,0.455216197666438,8.62059492674302,0.0497924080664294,7.94388742169962,3.1925541990566,0.117942258810106,3.3104964578667,"SpNT",72
"Sema6a","ALL","CFA_48",1685,0.0483392645314353,8.00567939793651,0.0497924080664294,7.94388742169962,-0.0427302658185904,0.0111786639365402,-0.0315516018820502,"CFA",48
"Sema6a","ALL","Crush_1440",9787,0.0662545974662852,7.4417277077129,0.0497924080664294,7.94388742169962,0.412094779064724,-0.0942075742654422,0.317887204799282,"Crush",1440
"Sema6a","ALL","Naive_0",16859,0.0497924080664294,7.94388742169962,0.0497924080664294,7.94388742169962,0,0,0,"Naive",0
"Sema6a","ALL","SpNT_36",2775,0.4789265129683,10.2894169362969,0.0497924080664294,7.94388742169962,3.26580661017182,0.373244149587073,3.63905075975889,"SpNT",36
"Sema6a","ALL","Crush_72",14329,0.218457780879274,8.69232482977767,0.0497924080664294,7.94388742169962,2.1333567976239,0.12989691105571,2.26325370867961,"Crush",72
"Sema6a","ALL","Crush_336",12074,0.0899792960662526,7.65605492642481,0.0497924080664294,7.94388742169962,0.853667291463199,-0.0532439974751813,0.800423293988018,"Crush",336
"Sema6a","ALL","ScNT_6",1209,0.0483471074380165,7.7025245552757,0.0497924080664294,7.94388742169962,-0.042496211686138,-0.0445138010720469,-0.0870100127581849,"ScNT",6
"Sema6a","ALL","Paclitaxel_168",2966,0.0544320862824402,5.96063317710711,0.0497924080664294,7.94388742169962,0.128531544106072,-0.414379586336031,-0.285848042229958,"Paclitaxel",168
"Sema6a","ALL","Crush_672",13242,0.0910292229857283,6.9733055972968,0.0497924080664294,7.94388742169962,0.870403977182932,-0.188002470083793,0.682401507099139,"Crush",672
"Sema6a","ALL","Crush_168",19121,0.230598263779939,8.49112531639482,0.0497924080664294,7.94388742169962,2.21138395669855,0.0961105871226006,2.30749454382115,"Crush",168
"Sema6a","ALL","Crush_24",5009,0.227045908183633,9.71150658215152,0.0497924080664294,7.94388742169962,2.18898634278326,0.289849946070342,2.47883628885361,"Crush",24
"Sema6a","ALL","ScNT_24",873,0.195080091533181,7.79477346553846,0.0497924080664294,7.94388742169962,1.97006886041599,-0.0273380821669007,1.94273077824909,"ScNT",24
"Sema6a","ALL","SpNT_48",2685,0.489017125837677,10.2556249523555,0.0497924080664294,7.94388742169962,3.2958872965986,0.368498326056453,3.66438562265506,"SpNT",48
"Sema6a","ALL","Crush_6",4046,0.0495428712626637,8.69076610646703,0.0497924080664294,7.94388742169962,-0.00724830632208913,0.129638181189466,0.122389874867377,"Crush",6
"Sema6a","ALL","ScNT_168",5912,0.184255031286995,9.35963735295589,0.0497924080664294,7.94388742169962,1.88770632024368,0.236607454869283,2.12431377511296,"ScNT",168
"Sema6a","ALL","ScNT_672",2440,0.135395329782876,6.91491053420705,0.0497924080664294,7.94388742169962,1.44318028261895,-0.200134591819899,1.24304569079905,"ScNT",672
"Sema6a","ALL","SpNT_168",1707,0.308255269320843,8.23976295393676,0.0497924080664294,7.94388742169962,2.63012786229764,0.0527576561696843,2.68288551846733,"SpNT",168
"Sema6a","ALL","SpNT_12",2633,0.213933181473045,6.93641709735178,0.0497924080664294,7.94388742169962,2.10316257080812,-0.195654524962145,1.90750804584598,"SpNT",12
"Sema6a","ALL","ScNT_12",3168,0.0762070053644683,6.92014061392264,0.0497924080664294,7.94388742169962,0.613997835345954,-0.199043824558141,0.414954010787813,"ScNT",12
"Sema6a","ALL","SpNT_24",3470,0.439498703543647,9.35252616949771,0.0497924080664294,7.94388742169962,3.14186121564242,0.235510920030695,3.37737213567312,"SpNT",24
"Sema6a","ALL","ScNT_1440",2678,0.0893990294886152,8.38601771824669,0.0497924080664294,7.94388742169962,0.844333380786216,0.0781407007737784,0.922474081559994,"ScNT",1440
"Sema6a","ALL","ScNT_72",2397,0.226647206005004,8.6408419378136,0.0497924080664294,7.94388742169962,2.1864506825055,0.121326713544644,2.30777739605014,"ScNT",72
"Sema6a","ALL","SpNT_6",2703,0.0730399408284024,7.12889732705014,0.0497924080664294,7.94388742169962,0.552759807674696,-0.156166234692645,0.396593572982051,"SpNT",6
"Sez6l","ALL","Crush_72",14329,0.118108862526169,7.08534887171622,0.0127224199288256,5.73852717030811,3.21467220764275,0.304158383481696,3.51883059112445,"Crush",72
"Sez6l","ALL","Naive_0",16859,0.0127224199288256,5.73852717030811,0.0127224199288256,5.73852717030811,0,0,0,"Naive",0
"Sez6l","ALL","Crush_24",5009,0.0609780439121757,4.86767635900795,0.0127224199288256,5.73852717030811,2.26091676006606,-0.237447257851936,2.02346950221412,"Crush",24
"Sez6l","ALL","SpNT_6",2703,0.0190458579881657,4.30262510963944,0.0127224199288256,5.73852717030811,0.582104169230933,-0.415463364642763,0.16664080458817,"SpNT",6
"Sez6l","ALL","ScNT_12",3168,0.0279267907857368,3.57476578013913,0.0127224199288256,5.73852717030811,1.13427668403066,-0.682831788381196,0.451444895649466,"ScNT",12
"Sez6l","ALL","ScNT_168",5912,0.0844748858447489,7.64504799083682,0.0127224199288256,5.73852717030811,2.73114938435768,0.413845050450391,3.14499443480807,"ScNT",168
"Sez6l","ALL","Crush_6",4046,0.0122312824314307,5.57720353226481,0.0127224199288256,5.73852717030811,-0.0567974352599151,-0.0411385864198381,-0.0979360216797532,"Crush",6
"Sez6l","ALL","ScNT_672",2440,0.0764031134780827,4.78336976847417,0.0127224199288256,5.73852717030811,2.58625831880398,-0.262653187321109,2.32360513148287,"ScNT",672
"Sez6l","ALL","Crush_2160",4412,0.0214140040788579,4.55796590278621,0.0127224199288256,5.73852717030811,0.751181470574986,-0.332290375366524,0.418891095208461,"Crush",2160
"Sez6l","ALL","ScNT_24",873,0.103546910755149,4.32480294371183,0.0127224199288256,5.73852717030811,3.02483949591251,-0.408046108535057,2.61679338737745,"ScNT",24
"Sez6l","ALL","Crush_336",12074,0.0454244306418219,5.78184283656196,0.0127224199288256,5.73852717030811,1.83609532012259,0.0108488861628931,1.84694420628549,"Crush",336
"Sez6l","ALL","SpNT_24",3470,0.136704119850187,3.85488292390628,0.0127224199288256,5.73852717030811,3.42561170552236,-0.573993462580099,2.85161824294226,"SpNT",24
"Sez6l","ALL","SpNT_168",1707,0.21692037470726,6.31301516083158,0.0127224199288256,5.73852717030811,4.09172055101524,0.137648708263329,4.22936925927857,"SpNT",168
"Sez6l","ALL","ScNT_6",1209,0.0144628099173554,4.310763147668,0.0127224199288256,5.73852717030811,0.184974763112909,-0.41273721083449,-0.227762447721581,"ScNT",6
"Sez6l","ALL","SpNT_12",2633,0.0495444191343964,3.43660117090552,0.0127224199288256,5.73852717030811,1.96134944464327,-0.739698075676983,1.22165136896629,"SpNT",12
"Sez6l","ALL","Crush_168",19121,0.130451835582052,6.33033825656857,0.0127224199288256,5.73852717030811,3.35807222783931,0.141602083467899,3.49967431130721,"Crush",168
"Sez6l","ALL","SpNT_36",2775,0.232528818443804,5.451004995125,0.0127224199288256,5.73852717030811,4.19196451105883,-0.0741582651696413,4.11780624588919,"SpNT",36
"Sez6l","ALL","ScNT_1440",2678,0.0311683463979097,5.12993247068716,0.0127224199288256,5.73852717030811,1.29270850496157,-0.161740672868311,1.13096783209326,"ScNT",1440
"Sez6l","ALL","Paclitaxel_168",2966,0.0146612740141557,4.5483382338161,0.0127224199288256,5.73852717030811,0.20463736269836,-0.335340964331138,-0.130703601632778,"Paclitaxel",168
"Sez6l","ALL","Crush_1440",9787,0.0179301185124642,5.03940284323391,0.0127224199288256,5.73852717030811,0.49501191255507,-0.187427719441439,0.307584193113631,"Crush",1440
"Sez6l","ALL","CFA_48",1685,0.0186832740213523,6.93036236469425,0.0127224199288256,5.73852717030811,0.554374180887733,0.272250280369264,0.826624461256997,"CFA",48
"Sez6l","ALL","SpNT_72",2913,0.310741249142073,6.56558524185268,0.0127224199288256,5.73852717030811,4.61026874721555,0.194243108015691,4.80451185523124,"SpNT",72
"Sez6l","ALL","ScNT_72",2397,0.134904086738949,6.68906873772038,0.0127224199288256,5.73852717030811,3.40648903690818,0.221124863156043,3.62761390006423,"ScNT",72
"Sez6l","ALL","SpNT_48",2685,0.278294862248697,6.20788727921405,0.0127224199288256,5.73852717030811,4.45116925798792,0.113421854275781,4.56459111226371,"SpNT",48
"Sez6l","ALL","Crush_672",13242,0.0427773163180548,5.26877276969925,0.0127224199288256,5.73852717030811,1.74947286483841,-0.123213546636731,1.62625931820167,"Crush",672
"Socs3","ALL","SpNT_168",1707,0.0412763466042155,7.21720386660637,0.025,5.39270864688564,0.723387187665665,0.420429916459433,1.1438171041251,"SpNT",168
"Socs3","ALL","ScNT_72",2397,0.0552543786488741,5.36113265142748,0.025,5.39270864688564,1.1441607009237,-0.00847225874233242,1.13568844218137,"ScNT",72
"Socs3","ALL","Crush_2160",4412,0.0336505778382053,5.35307384546411,0.025,5.39270864688564,0.428703183712142,-0.0106425364189358,0.418060647293206,"Crush",2160
"Socs3","ALL","SpNT_72",2913,0.066060398078243,5.73201339072757,0.025,5.39270864688564,1.40185756840511,0.0880318887908294,1.48988945719594,"SpNT",72
"Socs3","ALL","SpNT_48",2685,0.127885331347729,8.5431188551571,0.025,5.39270864688564,2.35485079427802,0.663752762718656,3.01860355699668,"SpNT",48
"Socs3","ALL","SpNT_12",2633,0.176347760060744,7.07393484872873,0.025,5.39270864688564,2.8184232510135,0.391502840675012,3.20992609168851,"SpNT",12
"Socs3","ALL","Paclitaxel_168",2966,0.0288169868554095,4.82770206668108,0.025,5.39270864688564,0.204991398292993,-0.159673445735899,0.0453179525570935,"Paclitaxel",168
"Socs3","ALL","ScNT_1440",2678,0.0326614408361329,6.49991773216899,0.025,5.39270864688564,0.385660340877312,0.269411367290685,0.655071708167997,"ScNT",1440
"Socs3","ALL","Crush_336",12074,0.0341614906832298,6.10152424085466,0.025,5.39270864688564,0.450442835410043,0.178159600724312,0.628602436134354,"Crush",336
"Socs3","ALL","SpNT_6",2703,0.206545857988166,9.75394339448872,0.025,5.39270864688564,3.04646212908849,0.85497550880304,3.90143763789153,"SpNT",6
"Socs3","ALL","Naive_0",16859,0.025,5.39270864688564,0.025,5.39270864688564,0,0,0,"Naive",0
"Socs3","ALL","Crush_168",19121,0.0542045811107625,5.86742202949964,0.025,5.39270864688564,1.11648669149777,0.121716674176184,1.23820336567395,"Crush",168
"Socs3","ALL","Crush_24",5009,0.0973053892215569,6.04593180866091,0.025,5.39270864688564,1.96059161544176,0.164954615937093,2.12554623137886,"Crush",24
"Socs3","ALL","SpNT_24",3470,0.12431575914722,5.97319300283182,0.025,5.39270864688564,2.31400919423767,0.147492247038876,2.46150144127655,"SpNT",24
"Socs3","ALL","ScNT_12",3168,0.131745029977911,5.03331683915598,0.025,5.39270864688564,2.39774853786654,-0.0995006751229007,2.29824786274364,"ScNT",12
"Socs3","ALL","Crush_72",14329,0.0543265875785066,6.96045470330805,0.025,5.39270864688564,1.11973033481689,0.368171464475254,1.48790179929215,"Crush",72
"Socs3","ALL","Crush_6",4046,0.0848776871756857,5.63893877406418,0.025,5.39270864688564,1.76345725003604,0.0644135875425153,1.82787083757855,"Crush",6
"Socs3","ALL","Crush_1440",9787,0.0291683694319575,6.53131127917111,0.025,5.39270864688564,0.222476644170815,0.276362576905198,0.498839221076014,"Crush",1440
"Socs3","ALL","SpNT_36",2775,0.12914265129683,8.14064692130492,0.025,5.39270864688564,2.36896555101101,0.594133356067118,2.96309890707812,"SpNT",36
"Socs3","ALL","ScNT_6",1209,0.0880165289256198,4.47172851366438,0.025,5.39270864688564,1.81584638295124,-0.270177488795656,1.54566889415559,"ScNT",6
"Socs3","ALL","Crush_672",13242,0.0385486672204183,6.01044835522676,0.025,5.39270864688564,0.624752886453155,0.156462523050894,0.781215409504049,"Crush",672
"Socs3","ALL","ScNT_672",2440,0.0477263416632528,4.11765620601097,0.025,5.39270864688564,0.932857659760489,-0.389186710555997,0.543670949204492,"ScNT",672
"Socs3","ALL","ScNT_24",873,0.104691075514874,4.49642645513813,0.025,5.39270864688564,2.06613846367081,-0.262231219381509,1.8039072442893,"ScNT",24
"Socs3","ALL","ScNT_168",5912,0.0401657365127685,6.36666237693132,0.025,5.39270864688564,0.684037236341031,0.23952716923112,0.92356440557215,"ScNT",168
"Socs3","ALL","CFA_48",1685,0.0382562277580071,5.12004767894749,0.025,5.39270864688564,0.613766529368534,-0.0748528461723947,0.538913683196139,"CFA",48
"Sox11","ALL","CFA_48",1685,0.156287069988138,5.47309300042212,0.151453143534994,5.34793511164385,0.045326902812161,0.0333744106394795,0.0787013134516406,"CFA",48
"Sox11","ALL","ScNT_24",873,0.484553775743707,15.3631198246606,0.151453143534994,5.34793511164385,1.67778526194863,1.52241735133561,3.20020261328424,"ScNT",24
"Sox11","ALL","SpNT_168",1707,0.577576112412178,33.0944552209841,0.151453143534994,5.34793511164385,1.9311395532201,2.6295356563815,4.5606752096016,"SpNT",168
"Sox11","ALL","Crush_2160",4412,0.136755041921595,5.57873404498983,0.151453143534994,5.34793511164385,-0.147277499103936,0.0609558146020559,-0.0863216845018801,"Crush",2160
"Sox11","ALL","Crush_336",12074,0.148198757763975,8.59872875783586,0.151453143534994,5.34793511164385,-0.0313381680770849,0.6851414257036,0.653803257626515,"Crush",336
"Sox11","ALL","Crush_24",5009,0.317465069860279,13.275190325256,0.151453143534994,5.34793511164385,1.06772634057397,1.31167867904222,2.37940501961619,"Crush",24
"Sox11","ALL","SpNT_24",3470,0.585854220685681,22.420628555419,0.151453143534994,5.34793511164385,1.95167019775052,2.06777285829205,4.01944305604257,"SpNT",24
"Sox11","ALL","Naive_0",16859,0.151453143534994,5.34793511164385,0.151453143534994,5.34793511164385,0,0,0,"Naive",0
"Sox11","ALL","Crush_168",19121,0.348002301014538,16.3771423409315,0.151453143534994,5.34793511164385,1.20022532253151,1.61462977613882,2.81485509867033,"Crush",168
"Sox11","ALL","ScNT_6",1209,0.237603305785124,6.46213540176794,0.151453143534994,5.34793511164385,0.64968338578681,0.273029019036224,0.922712404823034,"ScNT",6
"Sox11","ALL","Crush_72",14329,0.307013258897418,14.9644986438598,0.151453143534994,5.34793511164385,1.01942943944563,1.48449007905191,2.50391951849754,"Crush",72
"Sox11","ALL","Paclitaxel_168",2966,0.190596562184024,4.80459864674854,0.151453143534994,5.34793511164385,0.331650574626582,-0.1545660406461,0.177084533980482,"Paclitaxel",168
"Sox11","ALL","SpNT_48",2685,0.589166046165302,26.3763668741916,0.151453143534994,5.34793511164385,1.95980276700529,2.30219199306642,4.26199476007171,"SpNT",48
"Sox11","ALL","ScNT_1440",2678,0.114035087719298,6.45256088038217,0.151453143534994,5.34793511164385,-0.409393723906621,0.270889887499402,-0.138503836407218,"ScNT",1440
"Sox11","ALL","SpNT_36",2775,0.592399135446686,24.0253187069813,0.151453143534994,5.34793511164385,1.96769801237417,2.16750170321439,4.13519971558857,"SpNT",36
"Sox11","ALL","Crush_672",13242,0.172355206524201,8.18294949860524,0.151453143534994,5.34793511164385,0.186513357676605,0.613638987488532,0.800152345165137,"Crush",672
"Sox11","ALL","Crush_1440",9787,0.117337556191255,5.9433914215497,0.151453143534994,5.34793511164385,-0.368206672584437,0.152304436677678,-0.215902235906759,"Crush",1440
"Sox11","ALL","ScNT_672",2440,0.296394920114707,8.24371011972095,0.151453143534994,5.34793511164385,0.9686491988676,0.624311814293898,1.5929610131615,"ScNT",672
"Sox11","ALL","SpNT_12",2633,0.525246772968869,15.7645683834668,0.151453143534994,5.34793511164385,1.79412387047047,1.5596318052299,3.35375567570037,"SpNT",12
"Sox11","ALL","ScNT_12",3168,0.340012622278321,9.47192026982874,0.151453143534994,5.34793511164385,1.16671678171126,0.824674976272542,1.9913917579838,"ScNT",12
"Sox11","ALL","SpNT_6",2703,0.325998520710059,12.4519259833127,0.151453143534994,5.34793511164385,1.10599389515503,1.21931504035373,2.32530893550875,"SpNT",6
"Sox11","ALL","ScNT_168",5912,0.312954507018434,15.2202560837209,0.151453143534994,5.34793511164385,1.04708143065261,1.50893876673623,2.55602019738883,"ScNT",168
"Sox11","ALL","Crush_6",4046,0.165431183592785,6.82858890709761,0.151453143534994,5.34793511164385,0.127359683771916,0.352605522960614,0.479965206732529,"Crush",6
"Sox11","ALL","ScNT_72",2397,0.405963302752294,18.6164050786652,0.151453143534994,5.34793511164385,1.4224777974231,1.79952064220306,3.22199843962616,"ScNT",72
"Sox11","ALL","SpNT_72",2913,0.705387783115992,36.9322733001203,0.151453143534994,5.34793511164385,2.21954506661645,2.78782820186365,5.0073732684801,"SpNT",72
"Sprr1a","ALL","Crush_168",19121,0.364946135341491,14.305661328396,0.00317319098457888,10.0536215146368,6.84560537795743,0.508870910237492,7.35447628819492,"Crush",168
"Sprr1a","ALL","ScNT_24",873,0.0451945080091533,7.22601454614648,0.00317319098457888,10.0536215146368,3.8321412081048,-0.476443218438495,3.35569798966631,"ScNT",24
"Sprr1a","ALL","Crush_2160",4412,0.00985723997280761,8.33923532845309,0.00317319098457888,10.0536215146368,1.63524939330104,-0.269728276507604,1.36552111679344,"Crush",2160
"Sprr1a","ALL","ScNT_1440",2678,0.0468458379992535,11.2878088548437,0.00317319098457888,10.0536215146368,3.88391461753669,0.167050180483697,4.05096479802039,"ScNT",1440
"Sprr1a","ALL","Crush_24",5009,0.0360279441117764,6.53633052103929,0.00317319098457888,10.0536215146368,3.5051100682329,-0.621162439654491,2.88394762857841,"Crush",24
"Sprr1a","ALL","SpNT_24",3470,0.100115240564679,6.22979223049761,0.00317319098457888,10.0536215146368,4.97958344721052,-0.690459328594295,4.28912411861623,"SpNT",24
"Sprr1a","ALL","CFA_48",1685,0.000889679715302491,1.27049983753241,0.00317319098457888,10.0536215146368,-1.83457639079263,-2.98424718648877,-4.8188235772814,"CFA",48
"Sprr1a","ALL","ScNT_72",2397,0.303377814845705,14.6385015358719,0.00317319098457888,10.0536215146368,6.57903742380972,0.542052597796291,7.12109002160601,"ScNT",72
"Sprr1a","ALL","SpNT_168",1707,0.463992974238876,16.7289644840359,0.00317319098457888,10.0536215146368,7.19202479483458,0.734632863409986,7.92665765824456,"SpNT",168
"Sprr1a","ALL","Paclitaxel_168",2966,0.00623525446579036,11.3399766795417,0.00317319098457888,10.0536215146368,0.97451408357698,0.173702390901458,1.14821647447844,"Paclitaxel",168
"Sprr1a","ALL","ScNT_672",2440,0.144408029496108,12.1147408441477,0.00317319098457888,10.0536215146368,5.5080727969333,0.269048260801337,5.77712105773464,"ScNT",672
"Sprr1a","ALL","Crush_336",12074,0.0799585921325052,9.85434515990145,0.00317319098457888,10.0536215146368,4.65524680976845,-0.0288833727856801,4.62636343698277,"Crush",336
"Sprr1a","ALL","SpNT_36",2775,0.308897694524496,11.0848253283947,0.00317319098457888,10.0536215146368,6.60505093791021,0.140870754290421,6.74592169220063,"SpNT",36
"Sprr1a","ALL","Crush_672",13242,0.0972211734501246,9.74064745232882,0.00317319098457888,10.0536215146368,4.93726428707423,-0.0456257072185516,4.89163857985568,"Crush",672
"Sprr1a","ALL","Crush_1440",9787,0.00914384961176951,8.29050678713478,0.00317319098457888,10.0536215146368,1.52686732061316,-0.278183083037274,1.24868423757589,"Crush",1440
"Sprr1a","ALL","Crush_6",4046,0.0033358042994811,5.68529875942952,0.00317319098457888,10.0536215146368,0.0721002979223426,-0.822407213425139,-0.750306915502796,"Crush",6
"Sprr1a","ALL","SpNT_12",2633,0.0111996962794229,4.01628123714423,0.00317319098457888,10.0536215146368,1.81945334853362,-1.32378308090598,0.495670267627641,"SpNT",12
"Sprr1a","ALL","ScNT_12",3168,0.00489113284947933,4.94415656003544,0.00317319098457888,10.0536215146368,0.624234295432939,-1.02391894952041,-0.399684654087475,"ScNT",12
"Sprr1a","ALL","Naive_0",16859,0.00317319098457888,10.0536215146368,0.00317319098457888,10.0536215146368,0,0,0,"Naive",0
"Sprr1a","ALL","SpNT_6",2703,0.00388313609467456,8.14900994901762,0.00317319098457888,10.0536215146368,0.291287915924874,-0.303018585338037,-0.011730669413163,"SpNT",6
"Sprr1a","ALL","ScNT_6",1209,0.0012396694214876,12.8737699021299,0.00317319098457888,10.0536215146368,-1.3559789020125,0.356719305838774,-0.999259596173729,"ScNT",6
"Sprr1a","ALL","Crush_72",14329,0.413852058618283,14.0553370659731,0.00317319098457888,10.0536215146368,7.02703696834811,0.48340276940412,7.51043973775223,"Crush",72
"Sprr1a","ALL","SpNT_72",2913,0.485072065888813,16.6996375956143,0.00317319098457888,10.0536215146368,7.25612093519496,0.732101512129159,7.98822244732412,"SpNT",72
"Sprr1a","ALL","SpNT_48",2685,0.399292628443783,13.9661553988724,0.00317319098457888,10.0536215146368,6.97536827238776,0.474219648024262,7.44958792041203,"SpNT",48
"Sprr1a","ALL","ScNT_168",5912,0.362337223067817,14.4659675953818,0.00317319098457888,10.0536215146368,6.83525485666352,0.524947542550809,7.36020239921433,"ScNT",168
"Stmn4","ALL","SpNT_72",2913,0.506348661633493,11.9746454466271,0.0691874258600237,5.02809954675119,2.87154936721274,1.25189782255131,4.12344718976405,"SpNT",72
"Stmn4","ALL","Crush_24",5009,0.148403193612774,6.27798141638383,0.0691874258600237,5.02809954675119,1.10094036781509,0.320287545724422,1.42122791353952,"Crush",24
"Stmn4","ALL","SpNT_48",2685,0.355733432613552,8.91941055786739,0.0691874258600237,5.02809954675119,2.36221479739526,0.826935159684406,3.18914995707967,"SpNT",48
"Stmn4","ALL","Crush_72",14329,0.173447313328681,8.87779746369691,0.0691874258600237,5.02809954675119,1.32591572263835,0.820188583038336,2.14610430567668,"Crush",72
"Stmn4","ALL","ScNT_168",5912,0.222983257229833,10.6720278318535,0.0691874258600237,5.02809954675119,1.68835361794516,1.08574921632579,2.77410283427096,"ScNT",168
"Stmn4","ALL","Crush_1440",9787,0.0768798528810789,5.52837936002751,0.0691874258600237,5.02809954675119,0.15209570941292,0.136843404901749,0.28893911431467,"Crush",1440
"Stmn4","ALL","ScNT_24",873,0.201945080091533,4.73866533073501,0.0691874258600237,5.02809954675119,1.54538122761583,-0.0855324387240554,1.45984878889177,"ScNT",24
"Stmn4","ALL","Paclitaxel_168",2966,0.103302999662959,5.15470103319028,0.0691874258600237,5.02809954675119,0.57830037605576,0.0358755427019984,0.614175918757758,"Paclitaxel",168
"Stmn4","ALL","ScNT_12",3168,0.100189334174819,4.77943303943552,0.0691874258600237,5.02809954675119,0.53414716112254,-0.0731737240827074,0.460973437039832,"ScNT",12
"Stmn4","ALL","Crush_336",12074,0.0899792960662526,6.73935052431094,0.0691874258600237,5.02809954675119,0.37908321441603,0.422596351983369,0.8016795663994,"Crush",336
"Stmn4","ALL","SpNT_24",3470,0.336358398156151,7.28487871251194,0.0691874258600237,5.02809954675119,2.28141750861362,0.534891740111762,2.81630924872539,"SpNT",24
"Stmn4","ALL","SpNT_36",2775,0.331592219020173,8.6761102410831,0.0691874258600237,5.02809954675119,2.26082838261689,0.787035171770514,3.0478635543874,"SpNT",36
"Stmn4","ALL","ScNT_6",1209,0.0706611570247934,3.69639774814732,0.0691874258600237,5.02809954675119,0.0304075065691863,-0.443893207402532,-0.413485700833346,"ScNT",6
"Stmn4","ALL","Crush_168",19121,0.20513021650455,7.80684041469663,0.0691874258600237,5.02809954675119,1.5679582512017,0.634725566153976,2.20268381735567,"Crush",168
"Stmn4","ALL","SpNT_6",2703,0.0734097633136095,4.53279212596614,0.0691874258600237,5.02809954675119,0.0854620847060186,-0.149613211955925,-0.0641511272499062,"SpNT",6
"Stmn4","ALL","Crush_2160",4412,0.0798776342624065,5.17321150013648,0.0691874258600237,5.02809954675119,0.207281739155415,0.0410469628463995,0.248328702001814,"Crush",2160
"Stmn4","ALL","ScNT_1440",2678,0.0808137364688317,5.85303754355613,0.0691874258600237,5.02809954675119,0.224090672729591,0.219172320036672,0.443262992766263,"ScNT",1440
"Stmn4","ALL","SpNT_12",2633,0.21962794229309,5.33439642532979,0.0691874258600237,5.02809954675119,1.66647984269622,0.0853118300198986,1.75179167271612,"SpNT",12
"Stmn4","ALL","Crush_6",4046,0.0539906103286385,5.17137964406435,0.0691874258600237,5.02809954675119,-0.35780134032358,0.0405360079596039,-0.317265332363976,"Crush",6
"Stmn4","ALL","SpNT_168",1707,0.432377049180328,15.466416883415,0.0691874258600237,5.02809954675119,2.64370817498954,1.62105388748175,4.2647620624713,"SpNT",168
"Stmn4","ALL","CFA_48",1685,0.0732502965599051,4.17459264254502,0.0691874258600237,5.02809954675119,0.0823247344878406,-0.268377786613659,-0.186053052125818,"CFA",48
"Stmn4","ALL","ScNT_672",2440,0.178410487505121,5.90788188046545,0.0691874258600237,5.02809954675119,1.36661865266296,0.232627769152147,1.5992464218151,"ScNT",672
"Stmn4","ALL","Naive_0",16859,0.0691874258600237,5.02809954675119,0.0691874258600237,5.02809954675119,0,0,0,"Naive",0
"Stmn4","ALL","Crush_672",13242,0.102582496413199,6.63549279659325,0.0691874258600237,5.02809954675119,0.568202814755212,0.400190401227044,0.968393215982255,"Crush",672
"Stmn4","ALL","ScNT_72",2397,0.220391993327773,8.15589475359776,0.0691874258600237,5.02809954675119,1.6714900418137,0.697829945811,2.3693199876247,"ScNT",72
"Tnik","ALL","Crush_168",19121,0.211562598054597,7.3387814382605,0.146115065243179,5.48429861633289,0.533979661975011,0.420233404859445,0.954213066834456,"Crush",168
"Tnik","ALL","Crush_24",5009,0.150199600798403,6.32322922572057,0.146115065243179,5.48429861633289,0.0397760430817544,0.205354393110806,0.245130436192561,"Crush",24
"Tnik","ALL","ScNT_24",873,0.181350114416476,4.89362293996528,0.146115065243179,5.48429861633289,0.31167272015607,-0.164404182856696,0.147268537299374,"ScNT",24
"Tnik","ALL","Crush_72",14329,0.174563852058618,7.40229038097172,0.146115065243179,5.48429861633289,0.256649907360455,0.43266460453377,0.689314511894225,"Crush",72
"Tnik","ALL","CFA_48",1685,0.149762752075919,5.58317824880899,0.146115065243179,5.48429861633289,0.0355739162143353,0.02577948938217,0.0613534055965053,"CFA",48
"Tnik","ALL","Crush_2160",4412,0.129503738953093,5.27521266491702,0.146115065243179,5.48429861633289,-0.174111184244247,-0.056077871222089,-0.230189055466336,"Crush",2160
"Tnik","ALL","SpNT_12",2633,0.158504176157935,4.65156727600769,0.146115065243179,5.48429861633289,0.117415916622161,-0.237590234378457,-0.120174317756296,"SpNT",12
"Tnik","ALL","Crush_672",13242,0.129464622819603,5.83605996887911,0.146115065243179,5.48429861633289,-0.174547010859114,0.0896875808344114,-0.0848594300247022,"Crush",672
"Tnik","ALL","ScNT_672",2440,0.2132322818517,6.0164555560235,0.146115065243179,5.48429861633289,0.545320933035524,0.133606682603696,0.67892761563922,"ScNT",672
"Tnik","ALL","SpNT_168",1707,0.341627634660422,8.90708285708828,0.146115065243179,5.48429861633289,1.22531974560412,0.699645887588263,1.92496563319238,"SpNT",168
"Tnik","ALL","SpNT_24",3470,0.203831748775569,5.36613761283269,0.146115065243179,5.48429861633289,0.480273847407859,-0.0314230745081693,0.44885077289969,"SpNT",24
"Tnik","ALL","Naive_0",16859,0.146115065243179,5.48429861633289,0.146115065243179,5.48429861633289,0,0,0,"Naive",0
"Tnik","ALL","SpNT_72",2913,0.423644474948524,7.93672151904859,0.146115065243179,5.48429861633289,1.53574911859553,0.533236058562832,2.06898517715836,"SpNT",72
"Tnik","ALL","SpNT_36",2775,0.307096541786744,6.61957079936967,0.146115065243179,5.48429861633289,1.07158733085053,0.271430551387505,1.34301788223804,"SpNT",36
"Tnik","ALL","ScNT_6",1209,0.169834710743802,4.75624311441801,0.146115065243179,5.48429861633289,0.217026411036987,-0.205484666982893,0.0115417440540937,"ScNT",6
"Tnik","ALL","SpNT_48",2685,0.32855547282204,7.07666273688567,0.146115065243179,5.48429861633289,1.16903203824836,0.367762037238269,1.53679407548663,"SpNT",48
"Tnik","ALL","Crush_336",12074,0.119130434782609,6.61972886756268,0.146115065243179,5.48429861633289,-0.29456290335395,0.271465000973802,-0.0230979023801478,"Crush",336
"Tnik","ALL","SpNT_6",2703,0.178069526627219,5.91256794374694,0.146115065243179,5.48429861633289,0.285335711078536,0.108477730128186,0.393813441206722,"SpNT",6
"Tnik","ALL","ScNT_168",5912,0.182563842381194,8.02001699727459,0.146115065243179,5.48429861633289,0.321296125775124,0.548298167248016,0.869594293023139,"ScNT",168
"Tnik","ALL","ScNT_12",3168,0.153834017040076,5.01888698010222,0.146115065243179,5.48429861633289,0.074269623772,-0.127939668486654,-0.0536700447146539,"ScNT",12
"Tnik","ALL","Crush_6",4046,0.134544106745738,5.55620048406937,0.146115065243179,5.48429861633289,-0.119025735435256,0.0187915299220415,-0.100234205513215,"Crush",6
"Tnik","ALL","Paclitaxel_168",2966,0.180485338725986,4.72727211429512,0.146115065243179,5.48429861633289,0.30477671278725,-0.214299214588519,0.0904774981987302,"Paclitaxel",168
"Tnik","ALL","ScNT_72",2397,0.220391993327773,6.792417513199,0.146115065243179,5.48429861633289,0.59296687748572,0.308618013512012,0.901584890997732,"ScNT",72
"Tnik","ALL","Crush_1440",9787,0.130312627707397,5.84508885820216,0.146115065243179,5.48429861633289,-0.165128042959657,0.091917830039865,-0.0732102129197917,"Crush",1440
"Tnik","ALL","ScNT_1440",2678,0.137551325121314,7.1740541005667,0.146115065243179,5.48429861633289,-0.0871348972300486,0.387481497885403,0.300346600655354,"ScNT",1440
"Tubb6","ALL","CFA_48",1685,0.0151245551601423,6.93525581091532,0.0160438908659549,7.29520446960889,-0.0851313469679574,-0.0729993163209178,-0.158130663288875,"CFA",48
"Tubb6","ALL","SpNT_12",2633,0.0423310554290053,6.27418171012358,0.0160438908659549,7.29520446960889,1.39969240166642,-0.217521101997636,1.18217129966878,"SpNT",12
"Tubb6","ALL","SpNT_72",2913,0.278483184625944,6.10216511550236,0.0160438908659549,7.29520446960889,4.11749425448609,-0.257627196866442,3.85986705761965,"SpNT",72
"Tubb6","ALL","SpNT_6",2703,0.0319896449704142,7.19430271415332,0.0160438908659549,7.29520446960889,0.99558092335717,-0.0200935495658951,0.975487373791274,"SpNT",6
"Tubb6","ALL","Crush_168",19121,0.140231147369522,6.23287034424843,0.0160438908659549,7.29520446960889,3.12771086552722,-0.227051712275616,2.9006591532516,"Crush",168
"Tubb6","ALL","Crush_672",13242,0.0625613531677112,5.70727943635579,0.0160438908659549,7.29520446960889,1.96324765991207,-0.354145213387285,1.60910244652479,"Crush",672
"Tubb6","ALL","ScNT_672",2440,0.0903318312167145,5.40727626795925,0.0160438908659549,7.29520446960889,2.493210397779,-0.432046346172949,2.06116405160605,"ScNT",672
"Tubb6","ALL","Crush_2160",4412,0.0248130523453433,5.87512572605946,0.0160438908659549,7.29520446960889,0.629075159627816,-0.312328689209578,0.316746470418239,"Crush",2160
"Tubb6","ALL","Crush_1440",9787,0.0270228851655088,5.78830228961488,0.0160438908659549,7.29520446960889,0.752157658037265,-0.333808147019973,0.418349511017292,"Crush",1440
"Tubb6","ALL","Crush_24",5009,0.0635728542914172,6.01729499212549,0.0160438908659549,7.29520446960889,1.98638680617636,-0.277833329246415,1.70855347692994,"Crush",24
"Tubb6","ALL","ScNT_1440",2678,0.0472191116088093,6.55863419665898,0.0160438908659549,7.29520446960889,1.55734684085456,-0.153553002522498,1.40379383833206,"ScNT",1440
"Tubb6","ALL","ScNT_24",873,0.0463386727688787,5.33386271681511,0.0160438908659549,7.29520446960889,1.53019266538666,-0.451767721270389,1.07842494411627,"ScNT",24
"Tubb6","ALL","Crush_6",4046,0.0189028910303929,6.89581573308134,0.0160438908659549,7.29520446960889,0.236582841025857,-0.0812271906035649,0.155355650422293,"Crush",6
"Tubb6","ALL","Crush_72",14329,0.137369155617585,6.81515956932278,0.0160438908659549,7.29520446960889,3.09796214001216,-0.0982009779775783,2.99976116203458,"Crush",72
"Tubb6","ALL","Naive_0",16859,0.0160438908659549,7.29520446960889,0.0160438908659549,7.29520446960889,0,0,0,"Naive",0
"Tubb6","ALL","Crush_336",12074,0.0650517598343685,6.10725455917802,0.0160438908659549,7.29520446960889,2.01956402868633,-0.256424434446496,1.76313959423983,"Crush",336
"Tubb6","ALL","SpNT_36",2775,0.200828530259366,6.15622998501539,0.0160438908659549,7.29520446960889,3.64586827423204,-0.244901285481798,3.40096698875024,"SpNT",36
"Tubb6","ALL","SpNT_24",3470,0.118265629501585,5.03451069976638,0.0160438908659549,7.29520446960889,2.88193489395179,-0.535096843870152,2.34683805008164,"SpNT",24
"Tubb6","ALL","SpNT_48",2685,0.242553983618764,6.13168029063758,0.0160438908659549,7.29520446960889,3.91820991114332,-0.250665938488382,3.66754397265494,"SpNT",48
"Tubb6","ALL","ScNT_168",5912,0.113055978352782,7.3581976834181,0.0160438908659549,7.29520446960889,2.81694132033134,0.0124040214089877,2.82934534174033,"ScNT",168
"Tubb6","ALL","SpNT_168",1707,0.212822014051522,6.30554388798252,0.0160438908659549,7.29520446960889,3.72955142630173,-0.21032759815575,3.51922382814598,"SpNT",168
"Tubb6","ALL","ScNT_12",3168,0.023193436415273,4.03866424291419,0.0160438908659549,7.29520446960889,0.53169253245676,-0.853070202893417,-0.321377670436657,"ScNT",12
"Tubb6","ALL","ScNT_72",2397,0.122810675562969,6.05346132633072,0.0160438908659549,7.29520446960889,2.93634001241887,-0.26918811336045,2.66715189905842,"ScNT",72
"Tubb6","ALL","ScNT_6",1209,0.0144628099173554,6.6928229914947,0.0160438908659549,7.29520446960889,-0.149676183214361,-0.124333555375162,-0.274009738589523,"ScNT",6
"Tubb6","ALL","Paclitaxel_168",2966,0.0176946410515672,4.98563242439584,0.0160438908659549,7.29520446960889,0.141288438188485,-0.549171893283934,-0.407883455095449,"Paclitaxel",168
"Vgf","ALL","Crush_2160",4412,0.227169725810106,9.35509572617979,0.159816132858837,6.90017188686107,0.507357533805994,0.439120115323415,0.946477649129409,"Crush",2160
"Vgf","ALL","SpNT_12",2633,0.427676537585421,9.6962537653951,0.159816132858837,6.90017188686107,1.42010701241861,0.490795156161523,1.91090216858013,"SpNT",12
"Vgf","ALL","Crush_1440",9787,0.183643236616265,8.02130237770006,0.159816132858837,6.90017188686107,0.200492713686968,0.217204198067965,0.417696911754933,"Crush",1440
"Vgf","ALL","SpNT_72",2913,0.441832532601235,10.6696278406075,0.159816132858837,6.90017188686107,1.46708659933313,0.628805649728981,2.09589224906211,"SpNT",72
"Vgf","ALL","Crush_24",5009,0.414870259481038,13.5607465493813,0.159816132858837,6.90017188686107,1.3762471889815,0.97473239851146,2.35097958749296,"Crush",24
"Vgf","ALL","SpNT_168",1707,0.36036299765808,11.1912569098747,0.159816132858837,6.90017188686107,1.17303783130367,0.697667871315044,1.87070570261871,"SpNT",168
"Vgf","ALL","CFA_48",1685,0.292111506524318,9.35719666421859,0.159816132858837,6.90017188686107,0.870106137841354,0.439444074872495,1.30955021271385,"CFA",48
"Vgf","ALL","SpNT_36",2775,0.477485590778098,12.7013849438252,0.159816132858837,6.90017188686107,1.5790441467287,0.88028160958358,2.45932575631228,"SpNT",36
"Vgf","ALL","Paclitaxel_168",2966,0.184192787327267,6.26522172553124,0.159816132858837,6.90017188686107,0.204803518631336,-0.139266733345453,0.0655367852858827,"Paclitaxel",168
"Vgf","ALL","Naive_0",16859,0.159816132858837,6.90017188686107,0.159816132858837,6.90017188686107,0,0,0,"Naive",0
"Vgf","ALL","Crush_168",19121,0.401814663738103,11.8690876941109,0.159816132858837,6.90017188686107,1.33011716398745,0.782504842156407,2.11262200614386,"Crush",168
"Vgf","ALL","SpNT_48",2685,0.506887565152643,13.7531463514112,0.159816132858837,6.90017188686107,1.66525272205605,0.995057500636135,2.66031022269219,"SpNT",48
"Vgf","ALL","ScNT_672",2440,0.296394920114707,8.27043055846945,0.159816132858837,6.90017188686107,0.891107671190269,0.261330137409824,1.15243780860009,"ScNT",672
"Vgf","ALL","ScNT_72",2397,0.325479566305254,11.0896101587341,0.159816132858837,6.90017188686107,1.02615392300338,0.68450444453257,1.71065836753595,"ScNT",72
"Vgf","ALL","Crush_72",14329,0.374842986741103,12.7645816747025,0.159816132858837,6.90017188686107,1.22987335933187,0.887442052284623,2.11731541161649,"Crush",72
"Vgf","ALL","Crush_336",12074,0.282360248447205,10.0338784788813,0.159816132858837,6.90017188686107,0.821123945368204,0.540175164990701,1.3612991103589,"Crush",336
"Vgf","ALL","ScNT_1440",2678,0.204367301231803,11.1259055792691,0.159816132858837,6.90017188686107,0.354751333085855,0.689218561496654,1.04396989458251,"ScNT",1440
"Vgf","ALL","ScNT_24",873,0.422768878718535,10.8792233447039,0.159816132858837,6.90017188686107,1.40345612908525,0.656871362184557,2.06032749126981,"ScNT",24
"Vgf","ALL","Crush_672",13242,0.310994487653855,9.95884751049208,0.159816132858837,6.90017188686107,0.960475958509736,0.529346495176924,1.48982245368666,"Crush",672
"Vgf","ALL","ScNT_168",5912,0.262726196516151,9.9767053168413,0.159816132858837,6.90017188686107,0.717147008796897,0.531931161453832,1.24907817025073,"ScNT",168
"Vgf","ALL","Crush_6",4046,0.182727946627131,8.41761500405936,0.159816132858837,6.90017188686107,0.193284247869342,0.286779226113093,0.480063473982435,"Crush",6
"Vgf","ALL","ScNT_12",3168,0.334963710949826,9.47919346430291,0.159816132858837,6.90017188686107,1.06759175596284,0.458132012242619,1.52572376820546,"ScNT",12
"Vgf","ALL","ScNT_6",1209,0.222727272727273,7.05002971516496,0.159816132858837,6.90017188686107,0.478865175030247,0.0309970377182117,0.509862212748458,"ScNT",6
"Vgf","ALL","SpNT_6",2703,0.235761834319527,8.15006240080002,0.159816132858837,6.90017188686107,0.560917139903734,0.240178804733261,0.801095944636996,"SpNT",6
"Vgf","ALL","SpNT_24",3470,0.561077499279746,13.7999115505191,0.159816132858837,6.90017188686107,1.81178700756008,0.999954814456296,2.81174182201638,"SpNT",24
"Vwc2","ALL","SpNT_12",2633,0.0127182991647684,4.85385117928271,0.0125444839857651,6.51558486046684,0.019852622910753,-0.42476481003918,-0.404912187128427,"SpNT",12
"Vwc2","ALL","ScNT_1440",2678,0.0207166853303471,7.52375089525233,0.0125444839857651,6.51558486046684,0.723740063217222,0.207557397604255,0.931297460821477,"ScNT",1440
"Vwc2","ALL","ScNT_6",1209,0.0144628099173554,7.53787629729692,0.0125444839857651,6.51558486046684,0.205294747492504,0.210263433704393,0.415558181196898,"ScNT",6
"Vwc2","ALL","Crush_168",19121,0.0185911515531848,6.91579922024503,0.0125444839857651,6.51558486046684,0.567563007829901,0.086001299520132,0.653564307350033,"Crush",168
"Vwc2","ALL","SpNT_168",1707,0.00966042154566745,5.22247817018556,0.0125444839857651,6.51558486046684,-0.376895077552542,-0.319160128809294,-0.696055206361836,"SpNT",168
"Vwc2","ALL","CFA_48",1685,0.00919335705812574,5.68296959303696,0.0125444839857651,6.51558486046684,-0.448389447845712,-0.19724968947826,-0.645639137323972,"CFA",48
"Vwc2","ALL","Naive_0",16859,0.0125444839857651,6.51558486046684,0.0125444839857651,6.51558486046684,0,0,0,"Naive",0
"Vwc2","ALL","Crush_2160",4412,0.0184681622479039,5.61994596536396,0.0125444839857651,6.51558486046684,0.557987184964586,-0.213338426395024,0.344648758569563,"Crush",2160
"Vwc2","ALL","ScNT_672",2440,0.0170012290045063,4.43218735352571,0.0125444839857651,6.51558486046684,0.438585914275266,-0.555875818676879,-0.117289904401613,"ScNT",672
"Vwc2","ALL","SpNT_6",2703,0.0138683431952663,5.39200418615464,0.0125444839857651,6.51558486046684,0.144742316923192,-0.273073069113059,-0.128330752189867,"SpNT",6
"Vwc2","ALL","ScNT_12",3168,0.0115178289681287,6.62749236987066,0.0125444839857651,6.51558486046684,-0.123184322792721,0.0245684184521547,-0.0986159043405666,"ScNT",12
"Vwc2","ALL","Crush_672",13242,0.0195197462810541,5.84770936690245,0.0125444839857651,6.51558486046684,0.637881173712421,-0.156023075039414,0.481858098673007,"Crush",672
"Vwc2","ALL","ScNT_168",5912,0.0125993573482158,8.35347402259151,0.0125444839857651,6.51558486046684,0.00629702140701459,0.358481621220007,0.364778642627021,"ScNT",168
"Vwc2","ALL","Crush_6",4046,0.0184086978008401,5.85399110212061,0.0125444839857651,6.51558486046684,0.553334449502233,-0.1544741327909,0.398860316711333,"Crush",6
"Vwc2","ALL","ScNT_72",2397,0.0131359466221852,7.90098838479168,0.0125444839857651,6.51558486046684,0.0664670427951878,0.278138454770983,0.344605497566171,"ScNT",72
"Vwc2","ALL","Crush_24",5009,0.0178642714570858,7.19877935157759,0.0125444839857651,6.51558486046684,0.510023951891181,0.143857613543899,0.653881565435079,"Crush",24
"Vwc2","ALL","Crush_1440",9787,0.0138434818144667,6.24273884426633,0.0125444839857651,6.51558486046684,0.142153717983977,-0.0617155716424327,0.0804381463415441,"Crush",1440
"Vwc2","ALL","SpNT_72",2913,0.00909402882635552,7.90838604426412,0.0125444839857651,6.51558486046684,-0.464061644791819,0.279488611598745,-0.184573033193074,"SpNT",72
"Vwc2","ALL","ScNT_24",873,0.0120137299771167,4.91065598153622,0.0125444839857651,6.51558486046684,-0.0623689840123432,-0.40797892833912,-0.470347912351464,"ScNT",24
"Vwc2","ALL","Crush_336",12074,0.0156935817805383,5.84785189085662,0.0125444839857651,6.51558486046684,0.323121532270089,-0.155987913220779,0.16713361904931,"Crush",336
"Vwc2","ALL","SpNT_36",2775,0.0106268011527378,7.00337386675124,0.0125444839857651,6.51558486046684,-0.239345740506925,0.104155420396684,-0.135190320110241,"SpNT",36
"Vwc2","ALL","SpNT_24",3470,0.0105157015269375,4.64580741532299,0.0125444839857651,6.51558486046684,-0.254508028239134,-0.487965334968139,-0.742473363207273,"SpNT",24
"Vwc2","ALL","Crush_72",14329,0.0205512909979065,7.72936361421154,0.0125444839857651,6.51558486046684,0.712175897390448,0.246454951175905,0.958630848566352,"Crush",72
"Vwc2","ALL","SpNT_48",2685,0.00837676842889054,5.69369954404599,0.0125444839857651,6.51558486046684,-0.582587430388273,-0.194528321472701,-0.777115751860974,"SpNT",48
"Vwc2","ALL","Paclitaxel_168",2966,0.0112908661948096,5.28565281117946,0.0125444839857651,6.51558486046684,-0.151896958313,-0.301813021216338,-0.453709979529338,"Paclitaxel",168
